author	time	parents	message	sha	changes	additions	deletions	files
SiyavashGh	2020-02-29 02:51:11	['a6410fc27c830bf4fb1b2bfa0db1341c648342f7', 'efee45cae56d1d8cc36a4a521256ea1f7039da9c']	Merge branch 'master' of https://github.com/Colin-Shaw2/SQA_Project	f1b90f02619bea08b2958fc67f200875682b83ce	[13]	[9]	[4]	['testRunner.sh']	
SiyavashGh	2020-02-29 02:51:01	['e982cd18637c57cb085ede933708ca18345ff112']	Minor comments	a6410fc27c830bf4fb1b2bfa0db1341c648342f7	[5, 6, 5, 4, 29, 4]	[3, 3, 3, 1, 0, 2]	[2, 3, 2, 3, 29, 2]	['src/class/Admin.cpp', 'src/class/BuyStandard.cpp', 'src/class/FullStandard.cpp', 'src/class/Item.cpp', 'src/class/User.cpp', 'src/class/main.cpp']	
Colin-Shaw2	2020-02-29 00:55:00	['e982cd18637c57cb085ede933708ca18345ff112']	added more comments to script	efee45cae56d1d8cc36a4a521256ea1f7039da9c	[13]	[9]	[4]	['testRunner.sh']	
SiyavashGh	2020-02-29 00:47:32	['a2fc1b7d531e097ecadf9eb92a40712087982642']	Final commit	e982cd18637c57cb085ede933708ca18345ff112	[39, 28, 3, 25, 38, 2, 20, 2, 27, 8, 20, 2, 32, 85, 32, 17, 8, 14, 2, 9, 17, 11, 8, 1, 8, 3, 9, 8, 1, 22, 20, 2, 8, 16, 35, 41]	[39, 10, 3, 9, 14, 2, 6, 2, 7, 2, 6, 2, 10, 25, 10, 5, 2, 4, 2, 2, 5, 3, 2, 1, 2, 0, 2, 2, 1, 7, 6, 2, 2, 4, 9, 13]	[0, 18, 0, 16, 24, 0, 14, 0, 20, 6, 14, 0, 22, 60, 22, 12, 6, 10, 0, 7, 12, 8, 6, 0, 6, 3, 7, 6, 0, 15, 14, 0, 6, 12, 26, 28]	['TestResults/testTable.csv', 'Tests/AddCredit/addCredit1/testOutput.txt', 'Tests/AddCredit/addCredit1/testTransactions.txt', 'Tests/AddCredit/addCredit4/testOutput.txt', 'Tests/AddCredit/addCredit5/testOutput.txt', 'Tests/AddCredit/addCredit5/testTransactions.txt', 'Tests/Advertise/advert1/testOutput.txt', 'Tests/Advertise/advert1/testTransactions.txt', 'Tests/Advertise/advert2/testOutput.txt', 'Tests/Advertise/advert5/testOutput.txt', 'Tests/Bid/bid1/testOutput.txt', 'Tests/Bid/bid1/testTransactions.txt', 'Tests/Bid/bid2/testOutput.txt', 'Tests/Bid/bid3/testOutput.txt', 'Tests/Bid/bid5/testOutput.txt', 'Tests/Bid/bid6/testOutput.txt', 'Tests/Bid/bid7/testOutput.txt', 'Tests/DeleteUser/delete1/testOutput.txt', 'Tests/DeleteUser/delete1/testTransactions.txt', 'Tests/DeleteUser/delete2/testOutput.txt', 'Tests/DeleteUser/delete3/testOutput.txt', 'Tests/DeleteUser/delete4/testOutput.txt', 'Tests/Login/login1/testOutput.txt', 'Tests/Login/login1/testTransactions.txt', 'Tests/Login/login2/testOutput.txt', 'Tests/Login/login3/testOutput.txt', 'Tests/Login/login4/testOutput.txt', 'Tests/Logout/logout1/testOutput.txt', 'Tests/Logout/logout1/testTransactions.txt', 'Tests/Logout/logout2/testOutput.txt', 'Tests/Refund/refund1/testOutput.txt', 'Tests/Refund/refund1/testTransactions.txt', 'Tests/Refund/refund2/testOutput.txt', 'Tests/Refund/refund3/testOutput.txt', 'Tests/Refund/refund4/testOutput.txt', 'Tests/Refund/refund5/testOutput.txt']	
SiyavashGh	2020-02-29 00:46:12	['0811f69727316de05ae46fdd03b648354f1ca3b8', '6835f07248e8a5aca30934edac22b07535a727f9']	Merge branch 'master' of https://github.com/Colin-Shaw2/SQA_Project	a2fc1b7d531e097ecadf9eb92a40712087982642	[2, 2, 2, 9, 4, 2, 2, 2, 4, 23]	[1, 1, 1, 4, 3, 1, 1, 1, 3, 19]	[1, 1, 1, 5, 1, 1, 1, 1, 1, 4]	['Tests/AddCredit/addCredit1/transactionoutputs.txt', 'Tests/AddCredit/addCredit5/output.txt', 'Tests/AddCredit/addCredit5/transactionoutputs.txt', 'specificTest.sh', 'src/class/Admin.cpp', 'src/class/BuyStandard.cpp', 'src/class/FullStandard.cpp', 'src/class/SellStandard.cpp', 'src/class/User.cpp', 'src/class/main.cpp']	
SiyavashGh	2020-02-29 00:44:51	['49baf302d67a4fd2c4d6b38d9f9a5462c71d70c7']	Run#8 bid6 fix	0811f69727316de05ae46fdd03b648354f1ca3b8	[2, 6, 6, 5, 3, 7, 4]	[1, 2, 2, 2, 3, 6, 2]	[1, 4, 4, 3, 0, 1, 2]	['Tests/Bid/bid1/transactionoutputs.txt', 'src/class/Admin.cpp', 'src/class/BuyStandard.cpp', 'src/class/FullStandard.cpp', 'src/class/User.cpp', 'src/class/main.cpp', 'src/storage/items.txt']	
Colin-Shaw2	2020-02-29 00:43:45	['f65ff4d212b8207a764c0e4f15a227951ee59d28']	fixed test	6835f07248e8a5aca30934edac22b07535a727f9	[2]	[1]	[1]	['Tests/Bid/bid1/transactionoutputs.txt']	
Colin-Shaw2	2020-02-29 00:35:36	['8b166663dce4191f5d1d3fd5ddb18bb8f771153d']	minor fixes	f65ff4d212b8207a764c0e4f15a227951ee59d28	[2, 2]	[1, 1]	[1, 1]	['Tests/AddCredit/addCredit1/transactionoutputs.txt', 'Tests/AddCredit/addCredit5/transactionoutputs.txt']	
Colin-Shaw2	2020-02-29 00:31:29	['67fac63f30b196a264f13415bdac78e42601981a', 'b73ecfc5bf5326865a3908faf5da267ae4d6ccdc']	Merge branch 'master' of https://github.com/Colin-Shaw2/SQA_Project	8b166663dce4191f5d1d3fd5ddb18bb8f771153d	[3, 2, 2, 4, 12, 14, 3, 17, 21, 28, 2, 2, 15, 2]	[2, 1, 1, 0, 4, 4, 2, 13, 15, 17, 1, 1, 11, 1]	[1, 1, 1, 4, 8, 10, 1, 4, 6, 11, 1, 1, 4, 1]	['.vscode/settings.json', 'TestDefaults/items.txt', 'Tests/Bid/bid1/output.txt', 'Tests/Bid/bid3/input.txt', 'Tests/Bid/bid3/output.txt', 'Tests/Bid/bid4/testOutput.txt', 'specificTest.sh', 'src/class/Admin.cpp', 'src/class/BuyStandard.cpp', 'src/class/FullStandard.cpp', 'src/class/SellStandard.cpp', 'src/class/User.cpp', 'src/class/main.cpp', 'src/storage/items.txt']	
Colin-Shaw2	2020-02-29 00:26:49	['ebfcd244e4f9ff3e19d17ddc1add7691baf9d1dc']	run 9 addCredit5	67fac63f30b196a264f13415bdac78e42601981a	[2, 4, 4, 4, 2, 4, 23]	[1, 2, 2, 2, 1, 3, 19]	[1, 2, 2, 2, 1, 1, 4]	['Tests/AddCredit/addCredit5/output.txt', 'src/class/Admin.cpp', 'src/class/BuyStandard.cpp', 'src/class/FullStandard.cpp', 'src/class/SellStandard.cpp', 'src/class/User.cpp', 'src/class/main.cpp']	
SiyavashGh	2020-02-29 00:25:45	['b73ecfc5bf5326865a3908faf5da267ae4d6ccdc']	Run#8 bid5 fix	49baf302d67a4fd2c4d6b38d9f9a5462c71d70c7	[6]	[3]	[3]	['Tests/Bid/bid5/output.txt']	
SiyavashGh	2020-02-29 00:23:00	['f75252e23d5f433b12b5f968ecbc311dbc72592c']	Run#8 bid4 fix	b73ecfc5bf5326865a3908faf5da267ae4d6ccdc	[14, 5]	[4, 5]	[10, 0]	['Tests/Bid/bid4/testOutput.txt', 'src/class/main.cpp']	
SiyavashGh	2020-02-29 00:20:29	['6720c9441e20cbbadb1a7dbb2fbe673f12d4a988']	Run#8 bid3 fix	f75252e23d5f433b12b5f968ecbc311dbc72592c	[3, 12, 41, 12, 14, 12, 2]	[2, 4, 41, 8, 9, 8, 0]	[1, 8, 0, 4, 5, 4, 2]	['.vscode/settings.json', 'Tests/Bid/bid3/output.txt', 'specificTest.sh', 'src/class/Admin.cpp', 'src/class/BuyStandard.cpp', 'src/class/FullStandard.cpp', 'src/class/main.cpp']	
SiyavashGh	2020-02-28 23:59:14	['4f3c97c1b426a387ff5da9fa2705e618c3c42cef']	bid1 fixes	6720c9441e20cbbadb1a7dbb2fbe673f12d4a988	[2, 2]	[1, 1]	[1, 1]	['TestDefaults/items.txt', 'Tests/Bid/bid1/output.txt']	
SiyavashGh	2020-02-28 23:57:28	['9810a80b9e70ca1f712bc7e51581d0029eec00d2']	Bid fixes	4f3c97c1b426a387ff5da9fa2705e618c3c42cef	[4, 6, 20, 2, 2, 2]	[2, 4, 10, 1, 1, 1]	[2, 2, 10, 1, 1, 1]	['src/class/Admin.cpp', 'src/class/BuyStandard.cpp', 'src/class/FullStandard.cpp', 'src/class/SellStandard.cpp', 'src/class/User.cpp', 'src/class/main.cpp']	
SiyavashGh	2020-02-28 23:52:41	['da4fa5ca330561562c32e03cce7767db2c18c5ea']	Run#8 bid3 minor fixes	9810a80b9e70ca1f712bc7e51581d0029eec00d2	[4, 3, 3, 4, 6, 2]	[0, 3, 3, 3, 5, 1]	[4, 0, 0, 1, 1, 1]	['Tests/Bid/bid3/input.txt', 'src/class/Admin.cpp', 'src/class/BuyStandard.cpp', 'src/class/FullStandard.cpp', 'src/class/main.cpp', 'src/storage/items.txt']	
Colin-Shaw2	2020-02-28 23:41:36	['da4fa5ca330561562c32e03cce7767db2c18c5ea']	added script back	ebfcd244e4f9ff3e19d17ddc1add7691baf9d1dc	[39]	[39]	[0]	['specificTest.sh']	
Colin-Shaw2	2020-02-28 23:30:46	['2aa1865ebd17de0a03284450d989323a6e34fefa', '914afb74211f1cb2fdc023e789f31a6a0ae071c1']	Merge branch 'master' of https://github.com/Colin-Shaw2/SQA_Project	da4fa5ca330561562c32e03cce7767db2c18c5ea	[2, 4, 6, 41, 13, 33, 14, 2, 6, 15, 7]	[1, 2, 3, 0, 2, 12, 3, 1, 3, 6, 4]	[1, 2, 3, 41, 11, 21, 11, 1, 3, 9, 3]	['Tests/Bid/bid1/output.txt', 'Tests/Bid/bid1/transactionoutputs.txt', 'Tests/Bid/bid2/output.txt', 'specificTest.sh', 'src/class/Admin.cpp', 'src/class/BuyStandard.cpp', 'src/class/FullStandard.cpp', 'src/class/SellStandard.cpp', 'src/class/TransactionCodeMaker.cpp', 'src/class/User.cpp', 'src/class/main.cpp']	
Colin-Shaw2	2020-02-28 23:30:28	['a1c468823a5bc504918fa194bca0ebdb00f102cf']	run 8 ref 5	2aa1865ebd17de0a03284450d989323a6e34fefa	[6, 10]	[3, 9]	[3, 1]	['Tests/Refund/refund5/output.txt', 'src/class/main.cpp']	
SiyavashGh	2020-02-28 23:24:53	['2405b374f62c6ebfaeae31fc88b4376ae7b54b58']	Run#8 bid2 fix	914afb74211f1cb2fdc023e789f31a6a0ae071c1	[6]	[3]	[3]	['Tests/Bid/bid2/output.txt']	
Colin-Shaw2	2020-02-28 23:23:20	['9baa97a7eeca28a947cc22d7f831db6aa1da1299']	run 8 refund 4	a1c468823a5bc504918fa194bca0ebdb00f102cf	[5, 4, 16]	[1, 0, 14]	[4, 4, 2]	['Tests/Refund/refund4/input.txt', 'Tests/Refund/refund4/output.txt', 'src/class/main.cpp']	
SiyavashGh	2020-02-28 23:17:58	['b7368af3d52bcccc62b03babf98d51d89b90ad15', '9baa97a7eeca28a947cc22d7f831db6aa1da1299']	Merge branch 'master' of https://github.com/Colin-Shaw2/SQA_Project	2405b374f62c6ebfaeae31fc88b4376ae7b54b58	[2, 2, 4, 40, 2, 4, 6]	[1, 1, 2, 0, 1, 2, 5]	[1, 1, 2, 40, 1, 2, 1]	['Tests/Refund/refund1/transactionoutputs.txt', 'Tests/Refund/refund3/input.txt', 'Tests/Refund/refund3/output.txt', 'specificTest.sh', 'src/class/Admin.cpp', 'src/class/TransactionCodeMaker.cpp', 'src/class/main.cpp']	
SiyavashGh	2020-02-28 23:16:23	['1202a7116c76a58cf324b353629b8aba7efd81fd']	Run#8 bid1 fix	b7368af3d52bcccc62b03babf98d51d89b90ad15	[2, 4, 4, 13, 33, 14, 2, 6, 15, 7]	[1, 2, 2, 2, 12, 3, 1, 3, 6, 4]	[1, 2, 2, 11, 21, 11, 1, 3, 9, 3]	['Tests/Bid/bid1/output.txt', 'Tests/Bid/bid1/transactionoutputs.txt', 'specificTest.sh', 'src/class/Admin.cpp', 'src/class/BuyStandard.cpp', 'src/class/FullStandard.cpp', 'src/class/SellStandard.cpp', 'src/class/TransactionCodeMaker.cpp', 'src/class/User.cpp', 'src/class/main.cpp']	
Colin-Shaw2	2020-02-28 22:50:30	['22cbc6233217fdfe880350b84fef5620aa709846']	run 8 refund3	9baa97a7eeca28a947cc22d7f831db6aa1da1299	[2, 2, 4]	[1, 1, 2]	[1, 1, 2]	['Tests/Refund/refund1/transactionoutputs.txt', 'Tests/Refund/refund3/input.txt', 'Tests/Refund/refund3/output.txt']	
Colin-Shaw2	2020-02-28 22:40:58	['289801e90b31a5ab339a205b03a6cd349eeb3447']	run 8 fixed test refund 1	22cbc6233217fdfe880350b84fef5620aa709846	[5, 2, 4, 2]	[3, 1, 2, 1]	[2, 1, 2, 1]	['specificTest.sh', 'src/class/Admin.cpp', 'src/class/TransactionCodeMaker.cpp', 'src/class/main.cpp']	
Colin-Shaw2	2020-02-28 22:17:19	['1202a7116c76a58cf324b353629b8aba7efd81fd']	Run 8 del4 fixed	289801e90b31a5ab339a205b03a6cd349eeb3447	[4]	[4]	[0]	['src/class/main.cpp']	
SiyavashGh	2020-02-28 21:20:06	['899639d3e62282967534938c41d0f979dcf2d6f0']	Run8 newUser5 fixed, newUser fixed	1202a7116c76a58cf324b353629b8aba7efd81fd	[6, 32, 56, 5, 11, 17, 11, 2]	[6, 10, 18, 5, 3, 5, 3, 1]	[0, 22, 38, 0, 8, 12, 8, 1]	['TestResults/testTable.csv', 'Tests/CreateNewUser/NewUser5/testOutput.txt', 'Tests/CreateNewUser/newUser1/testOutput.txt', 'Tests/CreateNewUser/newUser1/testTransactions.txt', 'Tests/CreateNewUser/newUser2/testOutput.txt', 'Tests/CreateNewUser/newUser3/testOutput.txt', 'Tests/CreateNewUser/newUser4/testOutput.txt', 'src/class/main.cpp']	
SiyavashGh	2020-02-28 21:11:57	['bef2653d30db7df56980db77d021e34fbc83accd']	Run#8 newUser4 fix	899639d3e62282967534938c41d0f979dcf2d6f0	[2, 2]	[1, 1]	[1, 1]	['Tests/CreateNewUser/newUser4/input.txt', 'Tests/CreateNewUser/newUser4/output.txt']	
SiyavashGh	2020-02-28 21:06:23	['232db02477096898d9288ce5a8255ad40406a9bc']	Run#8 newUser3 fix	bef2653d30db7df56980db77d021e34fbc83accd	[4, 43]	[2, 41]	[2, 2]	['Tests/CreateNewUser/newUser3/output.txt', 'src/class/main.cpp']	
SiyavashGh	2020-02-28 20:58:26	['0f6e3e440d6c091a4e1902565682f1a45b8d93b7']	Run8 newUser1 fix	232db02477096898d9288ce5a8255ad40406a9bc	[6, 4, 2, 7]	[3, 2, 1, 1]	[3, 2, 1, 6]	['Tests/CreateNewUser/newUser1/output.txt', 'specificTest.sh', 'src/class/User.cpp', 'src/class/main.cpp']	
SiyavashGh	2020-02-28 20:26:02	['459b44cda42f671ade3a1a65b6d3253500f242b8']	minor additions addcredit5	0f6e3e440d6c091a4e1902565682f1a45b8d93b7	[3]	[2]	[1]	['src/class/main.cpp']	
SiyavashGh	2020-02-28 20:18:18	['91f197f0e0b32e13ef8efa56cacb87ecf903b1ee']	Run#7 addcredit1 fix	459b44cda42f671ade3a1a65b6d3253500f242b8	[1, 4, 1, 1, 1, 1, 7, 13]	[1, 2, 1, 1, 1, 1, 6, 8]	[0, 2, 0, 0, 0, 0, 1, 5]	['Tests/AddCredit/addCredit5/output.txt', 'specificTest.sh', 'src/class/Admin.cpp', 'src/class/BuyStandard.cpp', 'src/class/FullStandard.cpp', 'src/class/SellStandard.cpp', 'src/class/User.cpp', 'src/class/main.cpp']	
SiyavashGh	2020-02-28 19:17:23	['7a45c0d3088543663cf7ccce76a4dfefeca31e9e']	Run#7 addcredit4 fix and partial addcredit5 fix	91f197f0e0b32e13ef8efa56cacb87ecf903b1ee	[4, 11, 13, 13, 13, 3, 42]	[2, 3, 3, 3, 3, 3, 32]	[2, 8, 10, 10, 10, 0, 10]	['specificTest.sh', 'src/class/Admin.cpp', 'src/class/BuyStandard.cpp', 'src/class/FullStandard.cpp', 'src/class/SellStandard.cpp', 'src/class/User.cpp', 'src/class/main.cpp']	
SiyavashGh	2020-02-28 18:49:26	['b30b253647f9f5d1f60a371c48760113951b534c']	Run#7 addCredit3 fix	7a45c0d3088543663cf7ccce76a4dfefeca31e9e	[6, 21, 4]	[3, 6, 2]	[3, 15, 2]	['Tests/AddCredit/addCredit3/output.txt', 'Tests/AddCredit/addCredit3/testOutput.txt', 'specificTest.sh']	
SiyavashGh	2020-02-28 18:45:46	['b885f43f932446de4556090aa14f80682d6334f4']	Run#7 addcredit2 fix	b30b253647f9f5d1f60a371c48760113951b534c	[12, 4, 6]	[4, 2, 3]	[8, 2, 3]	['Tests/AddCredit/addCredit2/testOutput.txt', 'specificTest.sh', 'src/class/main.cpp']	
SiyavashGh	2020-02-28 18:35:48	['21a04d21d58bf45f23d7d1bf959a4b8c97a899d7']	addcredit partial fixes run 7-not complete	b885f43f932446de4556090aa14f80682d6334f4	[2, 4, 4, 4]	[1, 3, 3, 3]	[1, 1, 1, 1]	['src/class/Admin.cpp', 'src/class/BuyStandard.cpp', 'src/class/FullStandard.cpp', 'src/class/SellStandard.cpp']	
SiyavashGh	2020-02-28 18:11:12	['aacd546268fab91b81a845bd3a7a6441985b34b0']	addcredit run#7 partial fix-not complete	21a04d21d58bf45f23d7d1bf959a4b8c97a899d7	[4, 2]	[2, 1]	[2, 1]	['specificTest.sh', 'src/class/main.cpp']	
SiyavashGh	2020-02-28 18:05:58	['81194d4af4ba94b61f2f33988359e25747c7ae6d']	delete partial fix-not complete	aacd546268fab91b81a845bd3a7a6441985b34b0	[5]	[5]	[0]	['src/class/main.cpp']	
SiyavashGh	2020-02-28 17:57:47	['63b81534c81784b500a6983bb182f1438233efbe']	Run#7 delete5 fix	81194d4af4ba94b61f2f33988359e25747c7ae6d	[8, 7]	[2, 6]	[6, 1]	['Tests/DeleteUser/delete5/testOutput.txt', 'src/class/main.cpp']	
SiyavashGh	2020-02-28 17:52:01	['680197d47eb1ea3541f578ed72d6b76ab2302964']	Create userType fix(not complete)	63b81534c81784b500a6983bb182f1438233efbe	[4, 15]	[2, 8]	[2, 7]	['specificTest.sh', 'src/class/main.cpp']	
SiyavashGh	2020-02-28 17:47:26	['ef53bf14e16dc7e930b0c0496298c26d9332c9ba']	Run#7 delete3 fix	680197d47eb1ea3541f578ed72d6b76ab2302964	[4]	[2]	[2]	['Tests/DeleteUser/delete3/output.txt']	
SiyavashGh	2020-02-28 17:01:28	['5f6da096d5013430bffee76c679656234d3ba1eb']	Run#7 delete2 fix	ef53bf14e16dc7e930b0c0496298c26d9332c9ba	[2]	[1]	[1]	['Tests/DeleteUser/delete2/output.txt']	
SiyavashGh	2020-02-28 16:57:54	['ebb6ff5ddd5079f7d58618ffb5896accb0588b07']	Run#7 delete1 fix	5f6da096d5013430bffee76c679656234d3ba1eb	[2]	[1]	[1]	['Tests/DeleteUser/delete1/transactionoutputs.txt']	
SiyavashGh	2020-02-27 22:07:12	['17974e8acabe38058ee27885987e92049879f884']	fixed test runner	ebb6ff5ddd5079f7d58618ffb5896accb0588b07	[6]	[3]	[3]	['testRunner.sh']	
SiyavashGh	2020-02-27 01:51:53	['4aa56aa4f4591fd3da774784cfa58db309abd825']	Run#7 advert4 fixes	17974e8acabe38058ee27885987e92049879f884	[77, 17]	[25, 15]	[52, 2]	['Tests/Advertise/advert4/testOutput.txt', 'src/class/main.cpp']	
SiyavashGh	2020-02-27 01:42:31	['4e4d38df7b9fdaf0ba6b1a348813ed9ba06da593']	Run#7 advert3 fixes	4aa56aa4f4591fd3da774784cfa58db309abd825	[59, 15]	[19, 12]	[40, 3]	['Tests/Advertise/advert3/testOutput.txt', 'src/class/main.cpp']	
SiyavashGh	2020-02-27 01:16:34	['caec5ae16a478967a1498ef9ab3f64cace49b7ae']	Run#7 advert2 changes	4e4d38df7b9fdaf0ba6b1a348813ed9ba06da593	[2, 2, 6]	[0, 0, 5]	[2, 2, 1]	['Tests/Advertise/advert2/input.txt', 'Tests/Advertise/advert2/output.txt', 'src/class/main.cpp']	
SiyavashGh	2020-02-27 01:09:59	['e5a4a699b7d86435cbe7ea4cd9a08f6bb7e8b559']	Run #7 advert1 fixes	caec5ae16a478967a1498ef9ab3f64cace49b7ae	[3, 6, 3, 4]	[2, 3, 2, 2]	[1, 3, 1, 2]	['Tests/Advertise/advert1/transactionoutputs.txt', 'src/class/TransactionCodeMaker.cpp', 'src/class/User.cpp', 'src/class/main.cpp']	
SiyavashGh	2020-02-27 00:53:52	['5372a61e913021e5c39e600941457d805d1e71c0']	minor changes	e5a4a699b7d86435cbe7ea4cd9a08f6bb7e8b559	[3, 2]	[2, 1]	[1, 1]	['.vscode/settings.json', 'src/class/main.cpp']	
SiyavashGh	2020-02-27 00:19:44	['e412ac7c0837af92d3aa9ac77bfd31a0d546eaea']	Fixed run 7 addCredit 1	5372a61e913021e5c39e600941457d805d1e71c0	[22, 22, 22, 6]	[11, 11, 11, 3]	[11, 11, 11, 3]	['src/class/BuyStandard.cpp', 'src/class/FullStandard.cpp', 'src/class/SellStandard.cpp', 'src/class/User.cpp']	
SiyavashGh	2020-02-27 00:06:56	['9e651113c71b2d4f322685cde0fe994b51212f19']	changes to checkusername	e412ac7c0837af92d3aa9ac77bfd31a0d546eaea	[40, 4, 6]	[40, 4, 3]	[0, 0, 3]	['specificTest.sh', 'src/class/main.cpp', 'testRunner.sh']	
SiyavashGh	2020-02-26 23:56:52	['195d1b4ae8af3123db130bccebb86c2ae1ab0be0', '7e924505732a114a4b276b0deb9f22894b97e95b']	Merge branch 'master' of https://github.com/Colin-Shaw2/SQA_Project	9e651113c71b2d4f322685cde0fe994b51212f19	[39, 2, 2, 2, 2, 2, 2, 2, 2, 2, 2, 2, 2, 2, 2, 2, 2, 2, 2, 2, 2]	[39, 1, 1, 1, 1, 1, 1, 1, 1, 1, 1, 1, 1, 1, 1, 1, 1, 1, 1, 1, 1]	[0, 1, 1, 1, 1, 1, 1, 1, 1, 1, 1, 1, 1, 1, 1, 1, 1, 1, 1, 1, 1]	['TestResults/testTable.csv', 'Tests/AddCredit/addCredit2/output.txt', 'Tests/AddCredit/addCredit3/output.txt', 'Tests/AddCredit/addCredit4/output.txt', 'Tests/Advertise/advert2/output.txt', 'Tests/Advertise/advert3/output.txt', 'Tests/Advertise/advert4/output.txt', 'Tests/Advertise/advert5/output.txt', 'Tests/Bid/bid3/output.txt', 'Tests/Bid/bid4/output.txt', 'Tests/Bid/bid5/output.txt', 'Tests/Bid/bid6/output.txt', 'Tests/Bid/bid7/output.txt', 'Tests/CreateNewUser/NewUser5/output.txt', 'Tests/CreateNewUser/newUser2/output.txt', 'Tests/CreateNewUser/newUser3/output.txt', 'Tests/CreateNewUser/newUser4/output.txt', 'Tests/Login/login2/output.txt', 'Tests/Login/login3/output.txt', 'Tests/Login/login4/output.txt', 'Tests/Logout/logout2/output.txt']	
Colin-Shaw2	2020-02-26 23:54:26	['ca004bc696a0f61e6bd769a96abc01a29e399194']	added new lines to end of all files with out them	7e924505732a114a4b276b0deb9f22894b97e95b	[2, 2, 2, 2, 2, 2, 2, 2, 2, 2, 2, 2, 2, 2, 2, 2, 2, 2, 2, 2]	[1, 1, 1, 1, 1, 1, 1, 1, 1, 1, 1, 1, 1, 1, 1, 1, 1, 1, 1, 1]	[1, 1, 1, 1, 1, 1, 1, 1, 1, 1, 1, 1, 1, 1, 1, 1, 1, 1, 1, 1]	['Tests/AddCredit/addCredit2/output.txt', 'Tests/AddCredit/addCredit3/output.txt', 'Tests/AddCredit/addCredit4/output.txt', 'Tests/Advertise/advert2/output.txt', 'Tests/Advertise/advert3/output.txt', 'Tests/Advertise/advert4/output.txt', 'Tests/Advertise/advert5/output.txt', 'Tests/Bid/bid3/output.txt', 'Tests/Bid/bid4/output.txt', 'Tests/Bid/bid5/output.txt', 'Tests/Bid/bid6/output.txt', 'Tests/Bid/bid7/output.txt', 'Tests/CreateNewUser/NewUser5/output.txt', 'Tests/CreateNewUser/newUser2/output.txt', 'Tests/CreateNewUser/newUser3/output.txt', 'Tests/CreateNewUser/newUser4/output.txt', 'Tests/Login/login2/output.txt', 'Tests/Login/login3/output.txt', 'Tests/Login/login4/output.txt', 'Tests/Logout/logout2/output.txt']	
Colin-Shaw2	2020-02-26 23:52:18	['614a0db36530510fa2634a841cce1c6c34501c7d', 'c676a5e07d026f75596a22ec83696819247ed63d']	Merge branch 'master' of https://github.com/Colin-Shaw2/SQA_Project	ca004bc696a0f61e6bd769a96abc01a29e399194	[]	[]	[]	[]	
Colin-Shaw2	2020-02-26 23:52:09	['45bfd663c1bbc20714dce268312c5265a6c1a76b']	more test fixes	614a0db36530510fa2634a841cce1c6c34501c7d	[4, 2, 1]	[2, 1, 1]	[2, 1, 0]	['TestResults/testTable.csv', 'src/class/TransactionCodeMaker.cpp', 'src/class/User.cpp']	
SiyavashGh	2020-02-26 23:48:03	['c676a5e07d026f75596a22ec83696819247ed63d']	minor changes	195d1b4ae8af3123db130bccebb86c2ae1ab0be0	[1]	[1]	[0]	['src/class/User.cpp']	
SiyavashGh	2020-02-26 23:39:54	['d0d33d06ba3e2e5b9863cfa71b022a927f13ff6d']	minor changes	c676a5e07d026f75596a22ec83696819247ed63d	[2]	[1]	[1]	['src/class/TransactionCodeMaker.cpp']	
Colin-Shaw2	2020-02-26 23:36:48	['a2e2d7e64c72d2bb7b61db87ffd1beaf117e1de7', 'd0d33d06ba3e2e5b9863cfa71b022a927f13ff6d']	Merge branch 'master' of https://github.com/Colin-Shaw2/SQA_Project	45bfd663c1bbc20714dce268312c5265a6c1a76b	[6, 4, 2, 4, 10, 4, 2, 2, 4, 2]	[3, 2, 1, 2, 5, 2, 1, 1, 2, 2]	[3, 2, 1, 2, 5, 2, 1, 1, 2, 0]	['Tests/AddCredit/addCredit1/transactionoutputs.txt', 'Tests/AddCredit/addCredit5/transactionoutputs.txt', 'Tests/Advertise/advert1/transactionoutputs.txt', 'Tests/Bid/bid1/transactionoutputs.txt', 'Tests/CreateNewUser/newUser1/transactionoutputs.txt', 'Tests/DeleteUser/delete1/transactionoutputs.txt', 'Tests/Login/login1/transactionoutputs.txt', 'Tests/Logout/logout1/transactionoutputs.txt', 'Tests/Refund/refund1/transactionoutputs.txt', 'testRunner.sh']	
SiyavashGh	2020-02-26 23:33:50	['89e62d2daffea9bce4867f594485a27b220cca9e']	script changes	d0d33d06ba3e2e5b9863cfa71b022a927f13ff6d	[2]	[2]	[0]	['testRunner.sh']	
SiyavashGh	2020-02-26 23:28:32	['ada361ff191c1daa762bf69cabd1cd30a0d9657f']	fixed transactiond codes	89e62d2daffea9bce4867f594485a27b220cca9e	[6, 4, 2, 4, 10, 4, 2, 2, 4]	[3, 2, 1, 2, 5, 2, 1, 1, 2]	[3, 2, 1, 2, 5, 2, 1, 1, 2]	['Tests/AddCredit/addCredit1/transactionoutputs.txt', 'Tests/AddCredit/addCredit5/transactionoutputs.txt', 'Tests/Advertise/advert1/transactionoutputs.txt', 'Tests/Bid/bid1/transactionoutputs.txt', 'Tests/CreateNewUser/newUser1/transactionoutputs.txt', 'Tests/DeleteUser/delete1/transactionoutputs.txt', 'Tests/Login/login1/transactionoutputs.txt', 'Tests/Logout/logout1/transactionoutputs.txt', 'Tests/Refund/refund1/transactionoutputs.txt']	
Colin-Shaw2	2020-02-26 23:22:41	['056297b2cbeeceb29906925a73d00c842ce43d62', 'ada361ff191c1daa762bf69cabd1cd30a0d9657f']	Merge branch 'master' of https://github.com/Colin-Shaw2/SQA_Project	a2e2d7e64c72d2bb7b61db87ffd1beaf117e1de7	[2]	[1]	[1]	['src/class/TransactionCodeMaker.cpp']	
Colin-Shaw2	2020-02-26 23:22:05	['33c6cde98eb499520ce250288e6555768e46f406']	testtable update	056297b2cbeeceb29906925a73d00c842ce43d62	[39]	[39]	[0]	['TestResults/testTable.csv']	
SiyavashGh	2020-02-26 23:20:27	['33c6cde98eb499520ce250288e6555768e46f406']	minor change	ada361ff191c1daa762bf69cabd1cd30a0d9657f	[2]	[1]	[1]	['src/class/TransactionCodeMaker.cpp']	
Colin-Shaw2	2020-02-26 23:11:20	['faeea22587fa1a3b377ad098b3595e117dd3140a']	testtable	33c6cde98eb499520ce250288e6555768e46f406	[39]	[39]	[0]	['TestResults/testTable.csv']	
Colin-Shaw2	2020-02-26 23:10:58	['a2ef895d06382411b048288047670b525366733c']	normalized line endings in output files	faeea22587fa1a3b377ad098b3595e117dd3140a	[3]	[2]	[1]	['testRunner.sh']	
Colin-Shaw2	2020-02-26 23:03:52	['fd87f3d503c7ac7ef87b4d4765fe664d6037e490']	chnged print statements in main	a2ef895d06382411b048288047670b525366733c	[39, 15]	[39, 8]	[0, 7]	['TestResults/testTable.csv', 'src/class/main.cpp']	
Colin-Shaw2	2020-02-26 22:54:31	['ad67df55896898ad9f4e5ea54765e63b28c92b6f']	fixed login behaviour	fd87f3d503c7ac7ef87b4d4765fe664d6037e490	[4, 39, 37]	[3, 39, 35]	[1, 0, 2]	['.vscode/settings.json', 'TestResults/testTable.csv', 'src/class/main.cpp']	
Colin-Shaw2	2020-02-26 22:12:50	['dd3cb2e5ebf6ca32baa916ef1b02c82bf8a291e2']	infinite loop counter added	ad67df55896898ad9f4e5ea54765e63b28c92b6f	[2, 6]	[2, 5]	[0, 1]	['.gitignore', 'src/class/main.cpp']	
Colin-Shaw2	2020-02-26 22:02:07	['257f703d2e4404b59b5d472748828551618abf10']	changed default input files	dd3cb2e5ebf6ca32baa916ef1b02c82bf8a291e2	[4, 11, 2]	[2, 5, 1]	[2, 6, 1]	['TestDefaults/items.txt', 'TestDefaults/users.txt', 'testRunner.sh']	
Colin-Shaw2	2020-02-26 21:47:52	['bbcc3d5b048cfdc851922755445872e359a54d1c', '8c351d17f1e0baef2eb5e26a911dbf569dec5690']	Merge pull request #1 from Colin-Shaw2/intial-testing-fixesIntial testing fixes	257f703d2e4404b59b5d472748828551618abf10	[1, 39, 2, 19, 0, 3, 9, 0, 3, 17, 0, 2, 17, 0, 2, 25, 0, 2, 15, 0, 3, 21, 0, 3, 41, 0, 3, 53, 0, 3, 7, 0, 2, 15, 0, 3, 23, 0, 3, 61, 0, 3, 11, 0, 3, 23, 0, 3, 13, 0, 3, 7, 0, 3, 23, 0, 2, 39, 0, 3, 9, 0, 3, 13, 0, 3, 9, 0, 2, 11, 0, 2, 9, 0, 2, 13, 0, 2, 9, 0, 2, 7, 0, 2, 7, 0, 3, 7, 0, 3, 5, 0, 3, 9, 0, 1, 7, 0, 3, 15, 0, 2, 15, 0, 2, 7, 0, 2, 15, 0, 2, 27, 0, 2, 29, 0, 2, 16, 1]	[1, 39, 2, 19, 0, 2, 9, 0, 2, 17, 0, 2, 17, 0, 2, 25, 0, 2, 15, 0, 2, 21, 0, 2, 41, 0, 2, 53, 0, 2, 7, 0, 2, 15, 0, 2, 23, 0, 2, 61, 0, 2, 11, 0, 2, 23, 0, 2, 13, 0, 2, 7, 0, 2, 23, 0, 2, 39, 0, 2, 9, 0, 2, 13, 0, 2, 9, 0, 2, 11, 0, 2, 9, 0, 2, 13, 0, 2, 9, 0, 2, 7, 0, 2, 7, 0, 2, 7, 0, 2, 5, 0, 2, 9, 0, 1, 7, 0, 2, 15, 0, 2, 15, 0, 2, 7, 0, 2, 15, 0, 2, 27, 0, 2, 29, 0, 1, 4, 0]	[0, 0, 0, 0, 0, 1, 0, 0, 1, 0, 0, 0, 0, 0, 0, 0, 0, 0, 0, 0, 1, 0, 0, 1, 0, 0, 1, 0, 0, 1, 0, 0, 0, 0, 0, 1, 0, 0, 1, 0, 0, 1, 0, 0, 1, 0, 0, 1, 0, 0, 1, 0, 0, 1, 0, 0, 0, 0, 0, 1, 0, 0, 1, 0, 0, 1, 0, 0, 0, 0, 0, 0, 0, 0, 0, 0, 0, 0, 0, 0, 0, 0, 0, 0, 0, 0, 1, 0, 0, 1, 0, 0, 1, 0, 0, 0, 0, 0, 1, 0, 0, 0, 0, 0, 0, 0, 0, 0, 0, 0, 0, 0, 0, 0, 0, 0, 1, 12, 1]	['.gitignore', 'TestResults/testTable.csv', 'Tests/AddCredit/addCredit1/input.txt', 'Tests/AddCredit/addCredit1/testOutput.txt', 'Tests/AddCredit/addCredit1/testTransactions.txt', 'Tests/AddCredit/addCredit2/input.txt', 'Tests/AddCredit/addCredit2/testOutput.txt', 'Tests/AddCredit/addCredit2/testTransactions.txt', 'Tests/AddCredit/addCredit3/input.txt', 'Tests/AddCredit/addCredit3/testOutput.txt', 'Tests/AddCredit/addCredit3/testTransactions.txt', 'Tests/AddCredit/addCredit4/input.txt', 'Tests/AddCredit/addCredit4/testOutput.txt', 'Tests/AddCredit/addCredit4/testTransactions.txt', 'Tests/AddCredit/addCredit5/input.txt', 'Tests/AddCredit/addCredit5/testOutput.txt', 'Tests/AddCredit/addCredit5/testTransactions.txt', 'Tests/Advertise/advert1/input.txt', 'Tests/Advertise/advert1/testOutput.txt', 'Tests/Advertise/advert1/testTransactions.txt', 'Tests/Advertise/advert2/input.txt', 'Tests/Advertise/advert2/testOutput.txt', 'Tests/Advertise/advert2/testTransactions.txt', 'Tests/Advertise/advert3/input.txt', 'Tests/Advertise/advert3/testOutput.txt', 'Tests/Advertise/advert3/testTransactions.txt', 'Tests/Advertise/advert4/input.txt', 'Tests/Advertise/advert4/testOutput.txt', 'Tests/Advertise/advert4/testTransactions.txt', 'Tests/Advertise/advert5/input.txt', 'Tests/Advertise/advert5/testOutput.txt', 'Tests/Advertise/advert5/testTransactions.txt', 'Tests/Bid/bid1/input.txt', 'Tests/Bid/bid1/testOutput.txt', 'Tests/Bid/bid1/testTransactions.txt', 'Tests/Bid/bid2/input.txt', 'Tests/Bid/bid2/testOutput.txt', 'Tests/Bid/bid2/testTransactions.txt', 'Tests/Bid/bid3/input.txt', 'Tests/Bid/bid3/testOutput.txt', 'Tests/Bid/bid3/testTransactions.txt', 'Tests/Bid/bid4/input.txt', 'Tests/Bid/bid4/testOutput.txt', 'Tests/Bid/bid4/testTransactions.txt', 'Tests/Bid/bid5/input.txt', 'Tests/Bid/bid5/testOutput.txt', 'Tests/Bid/bid5/testTransactions.txt', 'Tests/Bid/bid6/input.txt', 'Tests/Bid/bid6/testOutput.txt', 'Tests/Bid/bid6/testTransactions.txt', 'Tests/Bid/bid7/input.txt', 'Tests/Bid/bid7/testOutput.txt', 'Tests/Bid/bid7/testTransactions.txt', 'Tests/CreateNewUser/NewUser5/input.txt', 'Tests/CreateNewUser/NewUser5/testOutput.txt', 'Tests/CreateNewUser/NewUser5/testTransactions.txt', 'Tests/CreateNewUser/newUser1/input.txt', 'Tests/CreateNewUser/newUser1/testOutput.txt', 'Tests/CreateNewUser/newUser1/testTransactions.txt', 'Tests/CreateNewUser/newUser2/input.txt', 'Tests/CreateNewUser/newUser2/testOutput.txt', 'Tests/CreateNewUser/newUser2/testTransactions.txt', 'Tests/CreateNewUser/newUser3/input.txt', 'Tests/CreateNewUser/newUser3/testOutput.txt', 'Tests/CreateNewUser/newUser3/testTransactions.txt', 'Tests/CreateNewUser/newUser4/input.txt', 'Tests/CreateNewUser/newUser4/testOutput.txt', 'Tests/CreateNewUser/newUser4/testTransactions.txt', 'Tests/DeleteUser/delete1/input.txt', 'Tests/DeleteUser/delete1/testOutput.txt', 'Tests/DeleteUser/delete1/testTransactions.txt', 'Tests/DeleteUser/delete2/input.txt', 'Tests/DeleteUser/delete2/testOutput.txt', 'Tests/DeleteUser/delete2/testTransactions.txt', 'Tests/DeleteUser/delete3/input.txt', 'Tests/DeleteUser/delete3/testOutput.txt', 'Tests/DeleteUser/delete3/testTransactions.txt', 'Tests/DeleteUser/delete4/input.txt', 'Tests/DeleteUser/delete4/testOutput.txt', 'Tests/DeleteUser/delete4/testTransactions.txt', 'Tests/DeleteUser/delete5/input.txt', 'Tests/DeleteUser/delete5/testOutput.txt', 'Tests/DeleteUser/delete5/testTransactions.txt', 'Tests/Login/login1/input.txt', 'Tests/Login/login1/testOutput.txt', 'Tests/Login/login1/testTransactions.txt', 'Tests/Login/login2/input.txt', 'Tests/Login/login2/testOutput.txt', 'Tests/Login/login2/testTransactions.txt', 'Tests/Login/login3/input.txt', 'Tests/Login/login3/testOutput.txt', 'Tests/Login/login3/testTransactions.txt', 'Tests/Login/login4/input.txt', 'Tests/Login/login4/testOutput.txt', 'Tests/Login/login4/testTransactions.txt', 'Tests/Logout/logout1/input.txt', 'Tests/Logout/logout1/testOutput.txt', 'Tests/Logout/logout1/testTransactions.txt', 'Tests/Logout/logout2/input.txt', 'Tests/Logout/logout2/testOutput.txt', 'Tests/Logout/logout2/testTransactions.txt', 'Tests/Refund/refund1/input.txt', 'Tests/Refund/refund1/testOutput.txt', 'Tests/Refund/refund1/testTransactions.txt', 'Tests/Refund/refund2/input.txt', 'Tests/Refund/refund2/testOutput.txt', 'Tests/Refund/refund2/testTransactions.txt', 'Tests/Refund/refund3/input.txt', 'Tests/Refund/refund3/testOutput.txt', 'Tests/Refund/refund3/testTransactions.txt', 'Tests/Refund/refund4/input.txt', 'Tests/Refund/refund4/testOutput.txt', 'Tests/Refund/refund4/testTransactions.txt', 'Tests/Refund/refund5/input.txt', 'Tests/Refund/refund5/testOutput.txt', 'Tests/Refund/refund5/testTransactions.txt', 'src/class/main.cpp', 'testRunner.sh', 'testTable.csv']	
SiyavashGh	2020-02-26 21:29:00	['97b97300868348e521b1ba56f858638e5bc61b7f']	fixed bid across all users	bbcc3d5b048cfdc851922755445872e359a54d1c	[5, 20, 20]	[5, 18, 18]	[0, 2, 2]	['src/class/Admin.cpp', 'src/class/BuyStandard.cpp', 'src/class/FullStandard.cpp']	
SiyavashGh	2020-02-26 21:23:54	['cc264fbf212bbe43715e2d08b07a68c5c1f8963b']	added getItem function	97b97300868348e521b1ba56f858638e5bc61b7f	[15, 31, 31]	[13, 16, 31]	[2, 15, 0]	['src/class/Admin.cpp', 'src/class/Item.cpp', 'src/class/User.cpp']	
Colin-Shaw2	2020-02-26 20:27:24	['247379e78e60db3b61eaf139900fd023698d699d']	minor script changes	8c351d17f1e0baef2eb5e26a911dbf569dec5690	[2, 3]	[1, 0]	[1, 3]	['TestResults/testTable.csv', 'testRunner.sh']	
Colin-Shaw2	2020-02-25 21:31:12	['abc72dc60e23f5196200052615bb38427b0ee1ba']	output files	247379e78e60db3b61eaf139900fd023698d699d	[0, 9, 0, 17, 0, 17, 0, 25, 0, 15, 0, 21, 0, 41, 0, 53, 0, 7, 0, 15, 0, 23, 0, 61, 0, 11, 0, 23, 0, 13, 0, 7, 0, 23, 0, 39, 0, 9, 0, 13, 0, 9, 0, 11, 0, 9, 0, 13, 0, 9, 0, 7, 0, 7, 0, 7, 0, 5, 0, 9, 0, 7, 0, 15, 0, 15, 0, 7, 0, 15, 0, 27, 0, 29, 0]	[0, 9, 0, 17, 0, 17, 0, 25, 0, 15, 0, 21, 0, 41, 0, 53, 0, 7, 0, 15, 0, 23, 0, 61, 0, 11, 0, 23, 0, 13, 0, 7, 0, 23, 0, 39, 0, 9, 0, 13, 0, 9, 0, 11, 0, 9, 0, 13, 0, 9, 0, 7, 0, 7, 0, 7, 0, 5, 0, 9, 0, 7, 0, 15, 0, 15, 0, 7, 0, 15, 0, 27, 0, 29, 0]	[0, 0, 0, 0, 0, 0, 0, 0, 0, 0, 0, 0, 0, 0, 0, 0, 0, 0, 0, 0, 0, 0, 0, 0, 0, 0, 0, 0, 0, 0, 0, 0, 0, 0, 0, 0, 0, 0, 0, 0, 0, 0, 0, 0, 0, 0, 0, 0, 0, 0, 0, 0, 0, 0, 0, 0, 0, 0, 0, 0, 0, 0, 0, 0, 0, 0, 0, 0, 0, 0, 0, 0, 0, 0, 0]	['Tests/AddCredit/addCredit1/testTransactions.txt', 'Tests/AddCredit/addCredit2/testOutput.txt', 'Tests/AddCredit/addCredit2/testTransactions.txt', 'Tests/AddCredit/addCredit3/testOutput.txt', 'Tests/AddCredit/addCredit3/testTransactions.txt', 'Tests/AddCredit/addCredit4/testOutput.txt', 'Tests/AddCredit/addCredit4/testTransactions.txt', 'Tests/AddCredit/addCredit5/testOutput.txt', 'Tests/AddCredit/addCredit5/testTransactions.txt', 'Tests/Advertise/advert1/testOutput.txt', 'Tests/Advertise/advert1/testTransactions.txt', 'Tests/Advertise/advert2/testOutput.txt', 'Tests/Advertise/advert2/testTransactions.txt', 'Tests/Advertise/advert3/testOutput.txt', 'Tests/Advertise/advert3/testTransactions.txt', 'Tests/Advertise/advert4/testOutput.txt', 'Tests/Advertise/advert4/testTransactions.txt', 'Tests/Advertise/advert5/testOutput.txt', 'Tests/Advertise/advert5/testTransactions.txt', 'Tests/Bid/bid1/testOutput.txt', 'Tests/Bid/bid1/testTransactions.txt', 'Tests/Bid/bid2/testOutput.txt', 'Tests/Bid/bid2/testTransactions.txt', 'Tests/Bid/bid3/testOutput.txt', 'Tests/Bid/bid3/testTransactions.txt', 'Tests/Bid/bid4/testOutput.txt', 'Tests/Bid/bid4/testTransactions.txt', 'Tests/Bid/bid5/testOutput.txt', 'Tests/Bid/bid5/testTransactions.txt', 'Tests/Bid/bid6/testOutput.txt', 'Tests/Bid/bid6/testTransactions.txt', 'Tests/Bid/bid7/testOutput.txt', 'Tests/Bid/bid7/testTransactions.txt', 'Tests/CreateNewUser/NewUser5/testOutput.txt', 'Tests/CreateNewUser/NewUser5/testTransactions.txt', 'Tests/CreateNewUser/newUser1/testOutput.txt', 'Tests/CreateNewUser/newUser1/testTransactions.txt', 'Tests/CreateNewUser/newUser2/testOutput.txt', 'Tests/CreateNewUser/newUser2/testTransactions.txt', 'Tests/CreateNewUser/newUser3/testOutput.txt', 'Tests/CreateNewUser/newUser3/testTransactions.txt', 'Tests/CreateNewUser/newUser4/testOutput.txt', 'Tests/CreateNewUser/newUser4/testTransactions.txt', 'Tests/DeleteUser/delete1/testOutput.txt', 'Tests/DeleteUser/delete1/testTransactions.txt', 'Tests/DeleteUser/delete2/testOutput.txt', 'Tests/DeleteUser/delete2/testTransactions.txt', 'Tests/DeleteUser/delete3/testOutput.txt', 'Tests/DeleteUser/delete3/testTransactions.txt', 'Tests/DeleteUser/delete4/testOutput.txt', 'Tests/DeleteUser/delete4/testTransactions.txt', 'Tests/DeleteUser/delete5/testOutput.txt', 'Tests/DeleteUser/delete5/testTransactions.txt', 'Tests/Login/login1/testOutput.txt', 'Tests/Login/login1/testTransactions.txt', 'Tests/Login/login2/testOutput.txt', 'Tests/Login/login2/testTransactions.txt', 'Tests/Login/login3/testOutput.txt', 'Tests/Login/login3/testTransactions.txt', 'Tests/Login/login4/testOutput.txt', 'Tests/Login/login4/testTransactions.txt', 'Tests/Logout/logout1/testOutput.txt', 'Tests/Logout/logout1/testTransactions.txt', 'Tests/Logout/logout2/testOutput.txt', 'Tests/Logout/logout2/testTransactions.txt', 'Tests/Refund/refund1/testOutput.txt', 'Tests/Refund/refund1/testTransactions.txt', 'Tests/Refund/refund2/testOutput.txt', 'Tests/Refund/refund2/testTransactions.txt', 'Tests/Refund/refund3/testOutput.txt', 'Tests/Refund/refund3/testTransactions.txt', 'Tests/Refund/refund4/testOutput.txt', 'Tests/Refund/refund4/testTransactions.txt', 'Tests/Refund/refund5/testOutput.txt', 'Tests/Refund/refund5/testTransactions.txt']	
Colin-Shaw2	2020-02-25 21:30:54	['8127441cbd35c0d0861de366e194bb35028e2d4f']	changed script slightly	abc72dc60e23f5196200052615bb38427b0ee1ba	[39, 19, 13, 0]	[39, 19, 4, 0]	[0, 0, 9, 0]	['TestResults/testTable.csv', 'Tests/AddCredit/addCredit1/testOutput.txt', 'testRunner.sh', 'testTable.csv']	
Colin-Shaw2	2020-02-25 21:22:22	['cc264fbf212bbe43715e2d08b07a68c5c1f8963b']	changed all tests to exit the program at the end	8127441cbd35c0d0861de366e194bb35028e2d4f	[1, 2, 3, 3, 2, 2, 2, 3, 3, 3, 3, 2, 3, 3, 3, 3, 3, 3, 3, 2, 3, 3, 3, 2, 2, 2, 2, 2, 2, 3, 3, 3, 1, 3, 2, 2, 2, 2, 2, 2, 1]	[1, 2, 2, 2, 2, 2, 2, 2, 2, 2, 2, 2, 2, 2, 2, 2, 2, 2, 2, 2, 2, 2, 2, 2, 2, 2, 2, 2, 2, 2, 2, 2, 1, 2, 2, 2, 2, 2, 2, 1, 0]	[0, 0, 1, 1, 0, 0, 0, 1, 1, 1, 1, 0, 1, 1, 1, 1, 1, 1, 1, 0, 1, 1, 1, 0, 0, 0, 0, 0, 0, 1, 1, 1, 0, 1, 0, 0, 0, 0, 0, 1, 1]	['.gitignore', 'Tests/AddCredit/addCredit1/input.txt', 'Tests/AddCredit/addCredit2/input.txt', 'Tests/AddCredit/addCredit3/input.txt', 'Tests/AddCredit/addCredit4/input.txt', 'Tests/AddCredit/addCredit5/input.txt', 'Tests/Advertise/advert1/input.txt', 'Tests/Advertise/advert2/input.txt', 'Tests/Advertise/advert3/input.txt', 'Tests/Advertise/advert4/input.txt', 'Tests/Advertise/advert5/input.txt', 'Tests/Bid/bid1/input.txt', 'Tests/Bid/bid2/input.txt', 'Tests/Bid/bid3/input.txt', 'Tests/Bid/bid4/input.txt', 'Tests/Bid/bid5/input.txt', 'Tests/Bid/bid6/input.txt', 'Tests/Bid/bid7/input.txt', 'Tests/CreateNewUser/NewUser5/input.txt', 'Tests/CreateNewUser/newUser1/input.txt', 'Tests/CreateNewUser/newUser2/input.txt', 'Tests/CreateNewUser/newUser3/input.txt', 'Tests/CreateNewUser/newUser4/input.txt', 'Tests/DeleteUser/delete1/input.txt', 'Tests/DeleteUser/delete2/input.txt', 'Tests/DeleteUser/delete3/input.txt', 'Tests/DeleteUser/delete4/input.txt', 'Tests/DeleteUser/delete5/input.txt', 'Tests/Login/login1/input.txt', 'Tests/Login/login2/input.txt', 'Tests/Login/login3/input.txt', 'Tests/Login/login4/input.txt', 'Tests/Logout/logout1/input.txt', 'Tests/Logout/logout2/input.txt', 'Tests/Refund/refund1/input.txt', 'Tests/Refund/refund2/input.txt', 'Tests/Refund/refund3/input.txt', 'Tests/Refund/refund4/input.txt', 'Tests/Refund/refund5/input.txt', 'src/class/main.cpp', 'testTable.csv']	
Colin-Shaw2	2020-02-25 20:33:51	['f308386d0a681d71bdf16e5e8fcf10e7967f69f8']	Finished user transaction codes	cc264fbf212bbe43715e2d08b07a68c5c1f8963b	[8, 4, 4, 4, 4, 4]	[4, 2, 2, 2, 2, 2]	[4, 2, 2, 2, 2, 2]	['src/class/Admin.cpp', 'src/class/BuyStandard.cpp', 'src/class/FullStandard.cpp', 'src/class/SellStandard.cpp', 'src/class/User.cpp', 'src/class/main.cpp']	
Colin-Shaw2	2020-02-25 20:17:43	['37fd9da7fd4b578fbd1a001689b3cfec4ea01ad6']	added bid transaction code	f308386d0a681d71bdf16e5e8fcf10e7967f69f8	[4, 4]	[2, 2]	[2, 2]	['src/class/BuyStandard.cpp', 'src/class/FullStandard.cpp']	
Colin-Shaw2	2020-02-25 20:15:10	['1dbedd80149724ed9ed9d191ff36adec7001c6a6']	made admin specific transaction codes	37fd9da7fd4b578fbd1a001689b3cfec4ea01ad6	[60]	[53]	[7]	['src/class/Admin.cpp']	
Colin-Shaw2	2020-02-25 20:00:43	['db0ecb0915201618dc3d761b40ccc416b85999c0']	made advertise transaction codes	1dbedd80149724ed9ed9d191ff36adec7001c6a6	[2, 2, 2]	[1, 1, 1]	[1, 1, 1]	['src/class/Admin.cpp', 'src/class/FullStandard.cpp', 'src/class/SellStandard.cpp']	
Colin-Shaw2	2020-02-25 19:58:58	['4cf6108f4a2f277dae32c0c3fab854ccebb7dfc5']	fixed typo	db0ecb0915201618dc3d761b40ccc416b85999c0	[2]	[1]	[1]	['src/class/TransactionCodeMaker.cpp']	
Colin-Shaw2	2020-02-25 19:57:44	['fae855cacd58647279c1e6e5c7d2f2d22a18c136']	made logout transaction code	4cf6108f4a2f277dae32c0c3fab854ccebb7dfc5	[2]	[1]	[1]	['src/class/User.cpp']	
Colin-Shaw2	2020-02-25 19:55:24	['22e53022473a623b297cc14ad8ad086475ed336a']	same change	fae855cacd58647279c1e6e5c7d2f2d22a18c136	[2]	[1]	[1]	['src/class/Admin.cpp']	
Colin-Shaw2	2020-02-25 19:54:46	['775599408fa12ec2979341a726d67271895745c2']	MORE TRANSACTION CODE CHANGES	22e53022473a623b297cc14ad8ad086475ed336a	[4, 4, 6, 4]	[2, 2, 3, 2]	[2, 2, 3, 2]	['src/class/Admin.cpp', 'src/class/BuyStandard.cpp', 'src/class/FullStandard.cpp', 'src/class/SellStandard.cpp']	
Colin-Shaw2	2020-02-25 19:45:48	['7b05edf096b36b5dcde6f065803e1f1278096e61', 'f13b6c7d77271acec227c3f9d6e7bdeaea237eef']	Merge branch 'master' of https://github.com/Colin-Shaw2/SQA_Project	775599408fa12ec2979341a726d67271895745c2	[23]	[20]	[3]	['src/class/User.cpp']	
Colin-Shaw2	2020-02-25 19:43:55	['bc60904f432fb5a326e8f5964049a24c8986f2b5']	Began changing addtransaction method	7b05edf096b36b5dcde6f065803e1f1278096e61	[19, 7, 49, 18]	[10, 0, 22, 10]	[9, 7, 27, 8]	['src/class/Admin.cpp', 'src/class/TransactionEnums.h', 'src/class/User.cpp', 'src/class/main.cpp']	
SiyavashGh	2020-02-25 19:25:51	['e7ef2d913e167038708bdf0f201a41f11902bd79']	minor changes	f13b6c7d77271acec227c3f9d6e7bdeaea237eef	[22]	[14]	[8]	['src/class/User.cpp']	
SiyavashGh	2020-02-25 13:47:34	['bc60904f432fb5a326e8f5964049a24c8986f2b5']	minor edits	e7ef2d913e167038708bdf0f201a41f11902bd79	[18]	[15]	[3]	['src/class/User.cpp']	
SiyavashGh	2020-02-25 08:03:59	['67e8c56d13b1a3e68f3e9b00a51274b6785a2a1d']	fixing addCredit more	bc60904f432fb5a326e8f5964049a24c8986f2b5	[6, 26, 30, 26, 1, 3]	[0, 14, 17, 14, 1, 1]	[6, 12, 13, 12, 0, 2]	['src/class/Admin.cpp', 'src/class/BuyStandard.cpp', 'src/class/FullStandard.cpp', 'src/class/SellStandard.cpp', 'src/class/User.cpp', 'src/class/main.cpp']	
Colin-Shaw2	2020-02-25 05:18:16	['c0b82f039111893da8e96be4ad01f916af8fde3b', 'f89a31e217c1ea7eb0eff071db721991f9793827']	Merge branch 'master' of https://github.com/Colin-Shaw2/SQA_Project	67e8c56d13b1a3e68f3e9b00a51274b6785a2a1d	[55, 6, 7, 5, 10, 179]	[17, 0, 0, 0, 8, 67]	[38, 6, 7, 5, 2, 112]	['src/class/Admin.cpp', 'src/class/BuyStandard.cpp', 'src/class/FullStandard.cpp', 'src/class/SellStandard.cpp', 'src/class/User.cpp', 'src/class/main.cpp']	
Colin-Shaw2	2020-02-25 05:18:06	['b9b03631628771e06a1fd3c614e0e694852e426a']	updated git ignore	c0b82f039111893da8e96be4ad01f916af8fde3b	[2]	[2]	[0]	['.gitignore']	
SiyavashGh	2020-02-25 03:41:41	['b5999d1ac31853d01bf4404d8a80b3748fcc0c4c']	fixing addcredit	f89a31e217c1ea7eb0eff071db721991f9793827	[3, 6, 7, 5, 2, 8]	[2, 0, 0, 0, 1, 5]	[1, 6, 7, 5, 1, 3]	['src/class/Admin.cpp', 'src/class/BuyStandard.cpp', 'src/class/FullStandard.cpp', 'src/class/SellStandard.cpp', 'src/class/User.cpp', 'src/class/main.cpp']	
SiyavashGh	2020-02-24 23:03:39	['b8ae70310e98bb4a13a6715277d5fd299d76f607']	admin classes	b5999d1ac31853d01bf4404d8a80b3748fcc0c4c	[52, 9]	[15, 7]	[37, 2]	['src/class/Admin.cpp', 'src/class/User.cpp']	
SiyavashGh	2020-02-24 22:12:09	['06dd8f3babd4a3e52f4f2d076cb2f2758a5fad3b']	Removed old methods	b8ae70310e98bb4a13a6715277d5fd299d76f607	[159]	[42]	[117]	['src/class/main.cpp']	
SiyavashGh	2020-02-24 22:05:56	['33c2cb7398893bf5fe5914b10897083c186640c4', 'b9b03631628771e06a1fd3c614e0e694852e426a']	Merge branch 'master' of https://github.com/Colin-Shaw2/SQA_Project	06dd8f3babd4a3e52f4f2d076cb2f2758a5fad3b	[24]	[9]	[15]	['testRunner.sh']	
SiyavashGh	2020-02-24 22:05:51	['2c84d0d50edd555bd9d87a5303e1171aac215784']	checking premissions	33c2cb7398893bf5fe5914b10897083c186640c4	[1, 23]	[1, 21]	[0, 2]	['src/class/User.cpp', 'src/class/main.cpp']	
Colin-Shaw2	2020-02-24 21:49:00	['aa0d1bd1ed8731193e73c9df16124a9b435ec62f', 'f2ac418d91ef48e2c68b4750b8700b96cbd482bb']	Merge branch 'master' of https://github.com/Colin-Shaw2/SQA_Project	b9b03631628771e06a1fd3c614e0e694852e426a	[86]	[68]	[18]	['src/class/main.cpp']	
Colin-Shaw2	2020-02-24 21:48:17	['2b1e8ed368727fd6a03f4c8303f9453f6bcdc30a']	Changed shell script	aa0d1bd1ed8731193e73c9df16124a9b435ec62f	[24]	[9]	[15]	['testRunner.sh']	
SiyavashGh	2020-02-24 21:36:50	['f2ac418d91ef48e2c68b4750b8700b96cbd482bb']	commenting new methods	2c84d0d50edd555bd9d87a5303e1171aac215784	[17]	[13]	[4]	['src/class/main.cpp']	
SiyavashGh	2020-02-24 21:16:16	['fa3d60bb12204af4d70cde67339b8e35acde7e4b']	fixed states	f2ac418d91ef48e2c68b4750b8700b96cbd482bb	[29]	[29]	[0]	['src/class/main.cpp']	
SiyavashGh	2020-02-24 21:08:43	['2b1e8ed368727fd6a03f4c8303f9453f6bcdc30a']	minor changes	fa3d60bb12204af4d70cde67339b8e35acde7e4b	[57]	[39]	[18]	['src/class/main.cpp']	
Colin-Shaw2	2020-02-24 18:40:41	['7aaaf466bf383ca4d24f761c32d3a954ca0aacff']	Logout function updated	2b1e8ed368727fd6a03f4c8303f9453f6bcdc30a	[1, 8, 6, 1]	[1, 3, 3, 1]	[0, 5, 3, 0]	['.gitignore', 'src/class/User.cpp', 'src/class/main.cpp', 'src/storage/transactions.txt']	
Colin-Shaw2	2020-02-24 18:29:10	['4def9bc27b6612395258df7b76630ce8b0dc50d7']	Remove IOHandler class	7aaaf466bf383ca4d24f761c32d3a954ca0aacff	[85, 86]	[0, 68]	[85, 18]	['src/class/FileIOHandler.cpp', 'src/class/main.cpp']	
Colin-Shaw2	2020-02-24 17:57:58	['06ca0b62aa6563765026682eb4abc5fb786ab652']	changed _ to " " in trans code	4def9bc27b6612395258df7b76630ce8b0dc50d7	[4]	[2]	[2]	['src/class/Admin.cpp']	
Colin-Shaw2	2020-02-24 17:57:33	['79629147d93997e25360cc9c660d4b2b364d4d05']	changed order of command line inputs	06ca0b62aa6563765026682eb4abc5fb786ab652	[2]	[1]	[1]	['Makefile']	
Colin-Shaw2	2020-02-24 17:32:07	['c7ba9f14d2fb59c7e3a246a53c26bfb4448d8550', 'cf450169c5c99d0ef92f66ce44f276100be2938e']	Merge branch 'master' of https://github.com/Colin-Shaw2/SQA_Project	79629147d93997e25360cc9c660d4b2b364d4d05	[4, 218, 22, 62, 4, 10]	[2, 109, 13, 58, 2, 5]	[2, 109, 9, 4, 2, 5]	['src/class/FileIOHandler.cpp', 'src/class/TransactionCodeMaker.cpp', 'src/class/User.cpp', 'src/class/main.cpp', 'src/storage/items.txt', 'src/storage/users.txt']	
Colin-Shaw2	2020-02-24 17:32:05	['603aec40c385ec01cbf0e46d758f6ab090bd35d4']	Added script to run tests and store the results	c7ba9f14d2fb59c7e3a246a53c26bfb4448d8550	[2, 3, 2, 0, 51, 1]	[2, 3, 2, 0, 51, 1]	[0, 0, 0, 0, 0, 0]	['.gitignore', 'Makefile', 'TestDefaults/items.txt', 'TestDefaults/users.txt', 'testRunner.sh', 'testTable.csv']	
SiyavashGh	2020-02-24 15:40:21	['4cac3d5f6282a83fd31162abdf66034e3f464fab']	createuser changes	cf450169c5c99d0ef92f66ce44f276100be2938e	[4, 21, 32]	[2, 12, 32]	[2, 9, 0]	['src/class/FileIOHandler.cpp', 'src/class/User.cpp', 'src/class/main.cpp']	
SiyavashGh	2020-02-24 15:16:28	['ccd8f72e8605349b60d52d3221cdb9455ab65d61']	fixed user and item files	4cac3d5f6282a83fd31162abdf66034e3f464fab	[218, 4, 10]	[109, 2, 5]	[109, 2, 5]	['src/class/TransactionCodeMaker.cpp', 'src/storage/items.txt', 'src/storage/users.txt']	
SiyavashGh	2020-02-24 15:11:37	['67e695c44b65fd77a1844cab3421219043a401f1']	minor edits	ccd8f72e8605349b60d52d3221cdb9455ab65d61	[18]	[8]	[10]	['src/class/main.cpp']	
SiyavashGh	2020-02-24 15:05:29	['603aec40c385ec01cbf0e46d758f6ab090bd35d4']	main file changes	67e695c44b65fd77a1844cab3421219043a401f1	[1, 28]	[1, 26]	[0, 2]	['src/class/User.cpp', 'src/class/main.cpp']	
SiyavashGh	2020-02-24 14:33:00	['8fd843d67430919b0488ae3fc8c1685423de43ba']	minor edits	603aec40c385ec01cbf0e46d758f6ab090bd35d4	[5, 1]	[4, 1]	[1, 0]	['src/class/Admin.cpp', 'src/class/User.cpp']	
SiyavashGh	2020-02-22 18:40:10	['66fb1e38f19b54f8fca02d40a274f797d61748c6']	Admin changes	8fd843d67430919b0488ae3fc8c1685423de43ba	[22]	[21]	[1]	['src/class/Admin.cpp']	
SiyavashGh	2020-02-22 18:05:07	['3b89d9c849926e1dfff6c72c4241a557a704e5ed']	more addcredit	66fb1e38f19b54f8fca02d40a274f797d61748c6	[28, 8, 8, 8, 15, 24]	[23, 5, 5, 5, 15, 12]	[5, 3, 3, 3, 0, 12]	['src/class/Admin.cpp', 'src/class/BuyStandard.cpp', 'src/class/FullStandard.cpp', 'src/class/SellStandard.cpp', 'src/class/User.cpp', 'src/class/main.cpp']	
SiyavashGh	2020-02-22 14:31:07	['c142a7ec9446c501e4dca09a4f95ef9d12dd729a']	addcredit additions	3b89d9c849926e1dfff6c72c4241a557a704e5ed	[42, 24, 28, 20]	[25, 16, 18, 14]	[17, 8, 10, 6]	['src/class/Admin.cpp', 'src/class/BuyStandard.cpp', 'src/class/FullStandard.cpp', 'src/class/SellStandard.cpp']	
Colin-Shaw2	2020-02-22 00:06:34	['a4c104c4038b6fde808b1775c7adb0a9732d882d']	Added class to handle IO	c142a7ec9446c501e4dca09a4f95ef9d12dd729a	[85, 66]	[85, 6]	[0, 60]	['src/class/FileIOHandler.cpp', 'src/class/main.cpp']	
Colin-Shaw2	2020-02-21 23:59:32	['e2efb437320df1aa55d92133333356ca8764d17c']	updated make file	a4c104c4038b6fde808b1775c7adb0a9732d882d	[2]	[1]	[1]	['Makefile']	
Colin-Shaw2	2020-02-21 20:48:12	['10b544639f218b41c9a87e000fdd1c1ae669f803']	added more input handling	e2efb437320df1aa55d92133333356ca8764d17c	[20, 77]	[10, 60]	[10, 17]	['src/class/TransactionCodeMaker.cpp', 'src/class/main.cpp']	
Colin-Shaw2	2020-02-21 18:23:01	['1f2c4f8323dbd98f5f788990478d1cdd9257dc51']	Added more input handling	10b544639f218b41c9a87e000fdd1c1ae669f803	[3, 12, 8, 8, 6, 8, 26, 66]	[2, 6, 4, 4, 3, 4, 14, 48]	[1, 6, 4, 4, 3, 4, 12, 18]	['.vscode/settings.json', 'src/class/Admin.cpp', 'src/class/BuyStandard.cpp', 'src/class/FullStandard.cpp', 'src/class/SellStandard.cpp', 'src/class/TransactionCodeMaker.cpp', 'src/class/User.cpp', 'src/class/main.cpp']	
Colin-Shaw2	2020-02-21 18:03:09	['1eefd36c6b2b10ab8ad3b0c935e1a98402fd6086']	added more input handling	1f2c4f8323dbd98f5f788990478d1cdd9257dc51	[177]	[128]	[49]	['src/class/main.cpp']	
Colin-Shaw2	2020-02-21 17:07:52	['3473b3c2ac7d7546816b0fe68871ac45c435563d']	main will take command inputs and change its state	1eefd36c6b2b10ab8ad3b0c935e1a98402fd6086	[34]	[31]	[3]	['src/class/main.cpp']	
Colin-Shaw2	2020-02-21 16:54:14	['e05becd7d2c8165570dc859e2543ccf9cc5cdd6c']	added current user to main	3473b3c2ac7d7546816b0fe68871ac45c435563d	[11]	[7]	[4]	['src/class/main.cpp']	
Colin-Shaw2	2020-02-21 16:49:34	['cf7e72d2a52e81e4fa0d7d3a285dfd9021564e11']	added login function to main	e05becd7d2c8165570dc859e2543ccf9cc5cdd6c	[2, 1, 15, 13, 2, 16, 14, 163]	[1, 1, 11, 10, 1, 12, 7, 119]	[1, 0, 4, 3, 1, 4, 7, 44]	['Makefile', 'src/class/Admin.cpp', 'src/class/BuyStandard.cpp', 'src/class/FullStandard.cpp', 'src/class/Item.cpp', 'src/class/SellStandard.cpp', 'src/class/User.cpp', 'src/class/main.cpp']	
Colin-Shaw2	2020-02-19 17:50:16	['8efbddd2b0e039c577ef377059de82ff87438c1a']	added state tracker to main class	cf7e72d2a52e81e4fa0d7d3a285dfd9021564e11	[3, 68]	[2, 49]	[1, 19]	['.vscode/settings.json', 'src/class/main.cpp']	
Colin-Shaw2	2020-02-19 17:16:15	['1afbbbde0921716128dd1e1b279e2ea7cc69e347']	minor format change to main	8efbddd2b0e039c577ef377059de82ff87438c1a	[20]	[10]	[10]	['src/class/main.cpp']	
SiyavashGh	2020-02-19 00:55:15	['7c57ee488bc85932f37f8539c9c318f2e52c8551']	minor changes	1afbbbde0921716128dd1e1b279e2ea7cc69e347	[13]	[5]	[8]	['src/class/main.cpp']	
SiyavashGh	2020-02-19 00:49:01	['ecbcff87dd4e2394eb91837fc44653992d73b5ed']	main class changes	7c57ee488bc85932f37f8539c9c318f2e52c8551	[32]	[20]	[12]	['src/class/main.cpp']	
SiyavashGh	2020-02-19 00:39:04	['9bdaab57aed69682d50a1d5419f6eb78145b0681']	addition of item check	ecbcff87dd4e2394eb91837fc44653992d73b5ed	[38]	[33]	[5]	['src/class/main.cpp']	
Colin-Shaw2	2020-02-19 00:07:14	['5da8527f4f79ea902c0187e0e40adabbb417af2f']	added more comments	9bdaab57aed69682d50a1d5419f6eb78145b0681	[7, 3, 6, 3]	[7, 3, 5, 3]	[0, 0, 1, 0]	['src/class/Admin.cpp', 'src/class/BuyStandard.cpp', 'src/class/FullStandard.cpp', 'src/class/SellStandard.cpp']	
Colin-Shaw2	2020-02-19 00:02:57	['925dcf0ceb679096ccc941cdbb3e241859586a67']	changed comments in buy and sell users	5da8527f4f79ea902c0187e0e40adabbb417af2f	[27, 38]	[16, 21]	[11, 17]	['src/class/BuyStandard.cpp', 'src/class/SellStandard.cpp']	
Colin-Shaw2	2020-02-18 23:59:50	['ab7ee46ee9106d78dbc73f7cb480813ebfa15c7a']	Changed comments in full standard	925dcf0ceb679096ccc941cdbb3e241859586a67	[2, 43]	[1, 26]	[1, 17]	['src/class/Admin.cpp', 'src/class/FullStandard.cpp']	
Colin-Shaw2	2020-02-18 23:52:02	['c770ce9f963ea739dc0d2eefd4e66f16feffb33a']	Reformatted comments	ab7ee46ee9106d78dbc73f7cb480813ebfa15c7a	[15]	[11]	[4]	['src/class/Admin.cpp']	
Colin-Shaw2	2020-02-18 23:51:33	['95b277a2c7555263f5542cbce70f541bdbc28a09']	Changed comments	c770ce9f963ea739dc0d2eefd4e66f16feffb33a	[2]	[1]	[1]	['src/class/User.cpp']	
Colin-Shaw2	2020-02-18 23:41:49	['e2f59754699661e5ae4714e09110b0c17841fa5a', 'f1fd9b6cd850d96492a70476d124fcc033f4db5d']	Merge branch 'master' of https://github.com/Colin-Shaw2/SQA_Project	95b277a2c7555263f5542cbce70f541bdbc28a09	[7, 2, 5]	[6, 2, 5]	[1, 0, 0]	['src/class/SellStandard.cpp', 'src/storage/items.txt', 'src/storage/users.txt']	
Colin-Shaw2	2020-02-18 23:41:45	['518164a5873eae08656b96c61539ba5b9c0f3343']	changed comments in admin	e2f59754699661e5ae4714e09110b0c17841fa5a	[82]	[43]	[39]	['src/class/Admin.cpp']	
SiyavashGh	2020-02-18 23:37:31	['c70edc3251e6ffbcbc579102ff5e3dc92a7ab57e']	items additions	f1fd9b6cd850d96492a70476d124fcc033f4db5d	[2]	[2]	[0]	['src/storage/items.txt']	
SiyavashGh	2020-02-18 23:28:27	['518164a5873eae08656b96c61539ba5b9c0f3343']	users addition	c70edc3251e6ffbcbc579102ff5e3dc92a7ab57e	[7, 5]	[6, 5]	[1, 0]	['src/class/SellStandard.cpp', 'src/storage/users.txt']	
Colin-Shaw2	2020-02-18 19:15:24	['957faa9d0dd43cc9901f8a311471f396cb03ced7']	added comments	518164a5873eae08656b96c61539ba5b9c0f3343	[3]	[3]	[0]	['src/class/TransactionEnums.h']	
Colin-Shaw2	2020-02-18 19:05:19	['29d068658a8ffcf8f82b57aa39038cb223ba653e']	Added comment at top of user class	957faa9d0dd43cc9901f8a311471f396cb03ced7	[6]	[6]	[0]	['src/class/User.cpp']	
Colin-Shaw2	2020-02-18 19:00:59	['ba2d707b5d66ab8bec4259edd6cb69c60828d818']	added more comments	29d068658a8ffcf8f82b57aa39038cb223ba653e	[2]	[2]	[0]	['src/class/User.cpp']	
Colin-Shaw2	2020-02-18 18:48:58	['2a64fb6cbbe2956f63c156fb9f573126fe25300c']	added comments to item	ba2d707b5d66ab8bec4259edd6cb69c60828d818	[28]	[21]	[7]	['src/class/Item.cpp']	
Colin-Shaw2	2020-02-18 18:48:43	['dd5d647f7f759ca8726f31eab046778d7872b0b6']	added comments	2a64fb6cbbe2956f63c156fb9f573126fe25300c	[5]	[2]	[3]	['src/class/User.cpp']	
Colin-Shaw2	2020-02-18 18:31:37	['343c1b0e1b9dda567ba0439b307a4fb8d783ad7c']	commented user class	dd5d647f7f759ca8726f31eab046778d7872b0b6	[12]	[10]	[2]	['src/class/User.cpp']	
Colin-Shaw2	2020-02-18 18:23:53	['e7ffee77b163e8d88659e9c4a0e582ff29ec581e']	added items.txt file	343c1b0e1b9dda567ba0439b307a4fb8d783ad7c	[0]	[0]	[0]	['src/storage/items.txt']	
Colin-Shaw2	2020-02-18 18:22:48	['22937da768cdde3575823bd557a1a67eafd22d9c']	minor formatting changes	e7ffee77b163e8d88659e9c4a0e582ff29ec581e	[28]	[14]	[14]	['src/class/TransactionCodeMaker.cpp']	
Colin-Shaw2	2020-02-18 18:14:34	['8e51e0e1c4d1af7108084880051b06e0016c2126']	Commented transaction code maker	22937da768cdde3575823bd557a1a67eafd22d9c	[9, 192, 2]	[7, 174, 1]	[2, 18, 1]	['src/class/Item.cpp', 'src/class/TransactionCodeMaker.cpp', 'src/class/User.cpp']	
SiyavashGh	2020-02-17 16:28:30	['273f322102918ffbebbad13680ad9e2658ae1a83']	commenting admin class	8e51e0e1c4d1af7108084880051b06e0016c2126	[46, 5]	[45, 3]	[1, 2]	['src/class/Admin.cpp', 'src/class/main.cpp']	
SiyavashGh	2020-02-17 16:15:18	['c622832aaa5b4f723a31454c14ba8783665d0dea']	commenting methods in users	273f322102918ffbebbad13680ad9e2658ae1a83	[1, 4, 51, 28, 39, 25, 18]	[1, 3, 32, 24, 33, 21, 15]	[0, 1, 19, 4, 6, 4, 3]	['.gitignore', '.vscode/settings.json', 'src/class/Admin.cpp', 'src/class/BuyStandard.cpp', 'src/class/FullStandard.cpp', 'src/class/SellStandard.cpp', 'src/class/main.cpp']	
SiyavashGh	2020-02-17 01:47:04	['8f71fcd1d4fe578e6b71e94ac69d7a4145a29eb9']	commenting main	c622832aaa5b4f723a31454c14ba8783665d0dea	[2, 4, 143]	[1, 4, 102]	[1, 0, 41]	['src/class/FullStandard.cpp', 'src/class/Item.cpp', 'src/class/main.cpp']	
Colin-Shaw2	2020-02-16 15:54:52	['b72aa4cabfcee4cd7edff6de032d451725953c43']	minor fix	8f71fcd1d4fe578e6b71e94ac69d7a4145a29eb9	[2]	[1]	[1]	['src/class/main.cpp']	
Colin-Shaw2	2020-02-16 15:43:40	['d40c40b8520deeb89938e516627a8e7bedda441f']	fixed merge conflicts and errors	b72aa4cabfcee4cd7edff6de032d451725953c43	[1, 31, 6]	[1, 0, 3]	[0, 31, 3]	['src/class/FullStandard.cpp', 'src/class/TransactionCodeMaker.cpp', 'src/class/main.cpp']	
SiyavashGh	2020-02-15 23:04:22	['0ffb8d491643bab612fb26527b5742fff0567dbc']	commenting users	d40c40b8520deeb89938e516627a8e7bedda441f	[5, 23, 23, 14]	[4, 16, 16, 8]	[1, 7, 7, 6]	['src/class/Admin.cpp', 'src/class/BuyStandard.cpp', 'src/class/FullStandard.cpp', 'src/class/SellStandard.cpp']	
SiyavashGh	2020-02-15 22:21:36	['520696c1dd1cbd2bb8a4575000df642943f1f3fb']	admin class comments	0ffb8d491643bab612fb26527b5742fff0567dbc	[34, 15, 11]	[20, 7, 6]	[14, 8, 5]	['src/class/Admin.cpp', 'src/class/User.cpp', 'src/class/main.cpp']	
SiyavashGh	2020-02-15 21:51:07	['283bf81c1e44663c4f798c72133c6be076a70630', 'faf87292cfe12bbda99c7c3dd7a3a555e4dd28d8']	changes to main class	520696c1dd1cbd2bb8a4575000df642943f1f3fb	[197]	[103]	[94]	['src/class/TransactionCodeMaker.cpp']	
SiyavashGh	2020-02-15 21:50:26	['92afba4477a21608b2f53a61eaf5e66580711990']	changes to main class	283bf81c1e44663c4f798c72133c6be076a70630	[10, 55]	[5, 51]	[5, 4]	['src/class/TransactionCodeMaker.cpp', 'src/class/main.cpp']	
Colin-Shaw2	2020-02-15 20:57:05	['2a09fbb21cae7758da9ca2948f00677404aee8a6']	Refactored codemaker	faf87292cfe12bbda99c7c3dd7a3a555e4dd28d8	[11]	[4]	[7]	['src/class/TransactionCodeMaker.cpp']	
Colin-Shaw2	2020-02-15 20:39:34	['92afba4477a21608b2f53a61eaf5e66580711990']	refectored transaction code maker	2a09fbb21cae7758da9ca2948f00677404aee8a6	[201]	[91]	[110]	['src/class/TransactionCodeMaker.cpp']	
Colin-Shaw2	2020-02-15 15:24:28	['817ee119d7dab061dab9440e03f671cc9e20b697']	finished maker methods	92afba4477a21608b2f53a61eaf5e66580711990	[187]	[176]	[11]	['src/class/TransactionCodeMaker.cpp']	
Colin-Shaw2	2020-02-13 20:32:47	['3fd176d5d9b3105c5851f7fafc7adf1d9a9d645d']	added makeCreate function	817ee119d7dab061dab9440e03f671cc9e20b697	[23]	[21]	[2]	['src/class/TransactionCodeMaker.cpp']	
Colin-Shaw2	2020-02-13 20:11:25	['b451f61ec9c080458b6b8f4ee3daca69c5c2b3c2']	made addTransaction in User	3fd176d5d9b3105c5851f7fafc7adf1d9a9d645d	[2, 32]	[1, 21]	[1, 11]	['src/class/TransactionCodeMaker.cpp', 'src/class/User.cpp']	
Colin-Shaw2	2020-02-13 19:50:53	['e7cc20eb8ac19d65693b1a2d4ef9f686a790264e']	return types to string and made methodsd static	b451f61ec9c080458b6b8f4ee3daca69c5c2b3c2	[14]	[7]	[7]	['src/class/TransactionCodeMaker.cpp']	
Colin-Shaw2	2020-02-13 19:33:42	['1f43cf670fbe168da5ddd1808eb9a6073dbcfead']	added item constructor	e7cc20eb8ac19d65693b1a2d4ef9f686a790264e	[12, 4]	[10, 4]	[2, 0]	['src/class/Item.cpp', 'src/class/main.cpp']	
Colin-Shaw2	2020-02-13 19:13:17	['fc22126fcbddbbde63414bd27649aa6aaa9459f3']	main now can accept string inputs	1f43cf670fbe168da5ddd1808eb9a6073dbcfead	[6, 14]	[6, 13]	[0, 1]	['Makefile', 'src/class/main.cpp']	
Colin-Shaw2	2020-02-13 04:20:23	['7e15b3af917bd9b2f9aedd357e2c5129ad95dda2']	added login and logout method to user	fc22126fcbddbbde63414bd27649aa6aaa9459f3	[3, 49]	[2, 28]	[1, 21]	['.vscode/settings.json', 'src/class/User.cpp']	
Colin-Shaw2	2020-02-13 04:01:21	['2171da41a14ca8d81cddc49bcb1bb88f11bae1a0']	Fixed dependacy issues code will now compile	7e15b3af917bd9b2f9aedd357e2c5129ad95dda2	[7, 13, 4, 34, 6, 43, 21]	[6, 4, 1, 9, 4, 19, 11]	[1, 9, 3, 25, 2, 24, 10]	['Makefile', 'src/class/Item.cpp', 'src/class/SellStandard.cpp', 'src/class/TransactionCodeMaker.cpp', 'src/class/TransactionEnums.h', 'src/class/User.cpp', 'src/class/main.cpp']	
Colin-Shaw2	2020-02-11 21:05:11	['06039e3bf905ee57ada4076495b9282d869afaa1']	change methods to pass by reference with User	2171da41a14ca8d81cddc49bcb1bb88f11bae1a0	[20]	[10]	[10]	['src/class/TransactionCodeMaker.cpp']	
Colin-Shaw2	2020-02-11 21:02:01	['0e6f785e4e6cba2a31f4be45c935ff5fe3fceb66', 'a3097b706f9067b586f9c8dde154acf93151bdfb']	Merge branch 'master' of https://github.com/Colin-Shaw2/SQA_Project	06039e3bf905ee57ada4076495b9282d869afaa1	[7, 9, 22]	[7, 8, 22]	[0, 1, 0]	['src/class/Admin.cpp', 'src/class/TransactionCodeMaker.cpp', 'src/class/main.cpp']	
Colin-Shaw2	2020-02-11 20:58:33	['c740dfe8963d482c899e14b2e9ced2aeffd971c7']	minor changes	0e6f785e4e6cba2a31f4be45c935ff5fe3fceb66	[3, 8, 3, 17, 1, 66, 0, 0]	[2, 8, 2, 7, 1, 49, 0, 0]	[1, 0, 1, 10, 0, 17, 0, 0]	['.vscode/settings.json', 'Makefile', 'src/class/Admin.cpp', 'src/class/Item.cpp', 'src/class/TransactionCodeMaker.cpp', 'src/class/User.cpp', 'src/storage/transactions.txt', 'src/storage/users.txt']	
SiyavashGh	2020-02-10 15:52:27	['407018b8f1fdec009688e383f652872418477504']	main created	a3097b706f9067b586f9c8dde154acf93151bdfb	[7, 14, 22]	[7, 12, 22]	[0, 2, 0]	['src/class/Admin.cpp', 'src/class/TransactionCodeMaker.cpp', 'src/class/main.cpp']	
Colin-Shaw2	2020-02-10 15:06:30	['70f0bffd2be0b49fca79331134aeee2e1de0a14f', '407018b8f1fdec009688e383f652872418477504']	Merge branch 'master' of https://github.com/Colin-Shaw2/SQA_Project	c740dfe8963d482c899e14b2e9ced2aeffd971c7	[5, 16]	[5, 16]	[0, 0]	['src/class/Item.cpp', 'src/class/TransactionCodeMaker.cpp']	
SiyavashGh	2020-02-10 15:02:45	['6541c021c3bc0d0b6c4929f8ceb3ee7ad7a6d9b1']	minor changes transactions	407018b8f1fdec009688e383f652872418477504	[9]	[5]	[4]	['src/class/TransactionCodeMaker.cpp']	
SiyavashGh	2020-02-10 13:52:03	['8860870a672882c012aab1da0c223a870a9c65ce']	transactions edits	6541c021c3bc0d0b6c4929f8ceb3ee7ad7a6d9b1	[5, 15]	[5, 15]	[0, 0]	['src/class/Item.cpp', 'src/class/TransactionCodeMaker.cpp']	
Colin-Shaw2	2020-02-04 21:11:52	['8860870a672882c012aab1da0c223a870a9c65ce']	Added contrustors for user and subclasses	70f0bffd2be0b49fca79331134aeee2e1de0a14f	[5, 5, 3, 3, 3, 6]	[5, 2, 1, 1, 1, 4]	[0, 3, 2, 2, 2, 2]	['.vscode/settings.json', 'src/class/Admin.cpp', 'src/class/BuyStandard.cpp', 'src/class/FullStandard.cpp', 'src/class/SellStandard.cpp', 'src/class/User.cpp']	
Colin-Shaw2	2020-02-04 21:03:19	['96018c4e53eae4e379a0f0f6443c32f74456f2a8']	changed formatting	8860870a672882c012aab1da0c223a870a9c65ce	[22, 22, 23, 22, 22]	[12, 12, 13, 13, 7]	[10, 10, 10, 9, 15]	['src/class/Admin.cpp', 'src/class/BuyStandard.cpp', 'src/class/FullStandard.cpp', 'src/class/SellStandard.cpp', 'src/class/User.cpp']	
Colin-Shaw2	2020-02-04 20:52:39	['236f2fd24e1e79ab03b585dc8e4c4dee01781052']	refacatored user slightly	96018c4e53eae4e379a0f0f6443c32f74456f2a8	[16]	[7]	[9]	['src/class/User.cpp']	
Colin-Shaw2	2020-02-04 20:48:26	['a7dac9f62b1bd5396ec7b702fc48f374e227c02e']	made user class abstract	236f2fd24e1e79ab03b585dc8e4c4dee01781052	[20]	[14]	[6]	['src/class/User.cpp']	
Colin-Shaw2	2020-02-04 19:49:19	['3fe325a0ddbd67569a771b54ee142b4f86d10f69']	added skeleton to user class	a7dac9f62b1bd5396ec7b702fc48f374e227c02e	[2, 26]	[2, 25]	[0, 1]	['src/class/TransactionEnums.h', 'src/class/User.cpp']	
Colin-Shaw2	2020-02-04 19:20:48	['591f6891b821990ab13a9b9f98ea26428c09cc57']	made class skeletons	3fe325a0ddbd67569a771b54ee142b4f86d10f69	[20, 20, 20, 20, 20, 20, 18]	[20, 20, 20, 20, 20, 20, 18]	[0, 0, 0, 0, 0, 0, 0]	['src/class/Admin.cpp', 'src/class/BuyStandard.cpp', 'src/class/FullStandard.cpp', 'src/class/Item.cpp', 'src/class/SellStandard.cpp', 'src/class/TransactionCodeMaker.cpp', 'src/class/User.cpp']	
SiyavashGh	2020-02-04 18:39:03	['b6b71b2a767d88ead43730dbca0a0a4b19be56d7']	src files	591f6891b821990ab13a9b9f98ea26428c09cc57	[0, 0, 0, 0, 0, 0, 0]	[0, 0, 0, 0, 0, 0, 0]	[0, 0, 0, 0, 0, 0, 0]	['src/class/Admin.cpp', 'src/class/BuyStandard.cpp', 'src/class/FullStandard.cpp', 'src/class/Item.cpp', 'src/class/SellStandard.cpp', 'src/class/TransactionCodeMaker.cpp', 'src/class/User.cpp']	
Colin-Shaw2	2020-01-31 22:31:00	['eee5c428407a542a08a14737781064e75a1dae8d']	addded new test	b6b71b2a767d88ead43730dbca0a0a4b19be56d7	[12, 14, 2]	[12, 14, 2]	[0, 0, 0]	['Tests/AddCredit/addCredit5/input.txt', 'Tests/AddCredit/addCredit5/output.txt', 'Tests/AddCredit/addCredit5/transactionoutputs.txt']	
SiyavashGh	2020-01-31 22:10:49	['8363870295c152f45c35215d23ad2a8b9a3ed087']	transaction changes	eee5c428407a542a08a14737781064e75a1dae8d	[3, 3, 3, 0, 0, 0, 3, 3, 1, 0, 0, 0, 0, 3, 3, 2, 0, 0, 0, 0, 0, 0, 0, 3, 5, 5, 0, 0, 0, 6, 1, 3, 2, 0, 0, 0, 0, 3, 3, 1, 0, 0, 0, 2, 2, 1, 0, 30, 34, 1, 3, 2, 0, 0, 0, 0]	[2, 2, 3, 0, 0, 0, 2, 2, 1, 0, 0, 0, 0, 2, 2, 2, 0, 0, 0, 0, 0, 0, 0, 2, 3, 5, 0, 0, 0, 6, 1, 2, 2, 0, 0, 0, 0, 2, 2, 1, 0, 0, 0, 1, 1, 1, 0, 0, 0, 1, 2, 2, 0, 0, 0, 0]	[1, 1, 0, 0, 0, 0, 1, 1, 0, 0, 0, 0, 0, 1, 1, 0, 0, 0, 0, 0, 0, 0, 0, 1, 2, 0, 0, 0, 0, 0, 0, 1, 0, 0, 0, 0, 0, 1, 1, 0, 0, 0, 0, 1, 1, 0, 0, 30, 34, 0, 1, 0, 0, 0, 0, 0]	['Tests/AddCredit/addCredit1/input.txt', 'Tests/AddCredit/addCredit1/output.txt', 'Tests/AddCredit/addCredit1/transactionoutputs.txt', 'Tests/AddCredit/addCredit2/transactionoutputs.txt', 'Tests/AddCredit/addCredit3/transactionoutputs.txt', 'Tests/AddCredit/addCredit4/transactionoutputs.txt', 'Tests/Advertise/advert1/input.txt', 'Tests/Advertise/advert1/output.txt', 'Tests/Advertise/advert1/transactionoutputs.txt', 'Tests/Advertise/advert2/transactionoutputs.txt', 'Tests/Advertise/advert3/transactionoutputs.txt', 'Tests/Advertise/advert4/transactionoutputs.txt', 'Tests/Advertise/advert5/transactionoutputs.txt', 'Tests/Bid/bid1/input.txt', 'Tests/Bid/bid1/output.txt', 'Tests/Bid/bid1/transactionoutputs.txt', 'Tests/Bid/bid2/transactionoutputs.txt', 'Tests/Bid/bid3/transactionoutputs.txt', 'Tests/Bid/bid4/transactionoutputs.txt', 'Tests/Bid/bid5/transactionoutputs.txt', 'Tests/Bid/bid6/transactionoutputs.txt', 'Tests/Bid/bid7/transactionoutputs.txt', 'Tests/CreateNewUser/NewUser5/transactionoutputs.txt', 'Tests/CreateNewUser/newUser1/input.txt', 'Tests/CreateNewUser/newUser1/output.txt', 'Tests/CreateNewUser/newUser1/transactionoutputs.txt', 'Tests/CreateNewUser/newUser2/transactionoutputs.txt', 'Tests/CreateNewUser/newUser3/transactionoutputs.txt', 'Tests/CreateNewUser/newUser4/transactionoutputs.txt', 'Tests/DefaultUsers/users.txt', 'Tests/DeleteUser/delete1/input.txt', 'Tests/DeleteUser/delete1/output.txt', 'Tests/DeleteUser/delete1/transactionoutputs.txt', 'Tests/DeleteUser/delete2/transactionoutputs.txt', 'Tests/DeleteUser/delete3/transactionoutputs.txt', 'Tests/DeleteUser/delete4/transactionoutputs.txt', 'Tests/DeleteUser/delete5/transactionoutputs.txt', 'Tests/Login/login1/input.txt', 'Tests/Login/login1/output.txt', 'Tests/Login/login1/transactionoutputs.txt', 'Tests/Login/login2/transactionoutputs.txt', 'Tests/Login/login3/transactionoutputs.txt', 'Tests/Login/login4/transactionoutputs.txt', 'Tests/Logout/logout1/input.txt', 'Tests/Logout/logout1/output.txt', 'Tests/Logout/logout1/transactionoutputs.txt', 'Tests/Logout/logout2/transactionoutputs.txt', 'Tests/Prep/prep1/input.txt', 'Tests/Prep/prep1/output.txt', 'Tests/Refund/refund1/input.txt', 'Tests/Refund/refund1/output.txt', 'Tests/Refund/refund1/transactionoutputs.txt', 'Tests/Refund/refund2/transactionoutputs.txt', 'Tests/Refund/refund3/transactionoutputs.txt', 'Tests/Refund/refund4/transactionoutputs.txt', 'Tests/Refund/refund5/transactionoutputs.txt']	
Colin-Shaw2	2020-01-30 22:24:22	['160ca3027c0c2723bb258486191777950b177f7e']	Corrected tests	8363870295c152f45c35215d23ad2a8b9a3ed087	[6, 8, 2, 4, 6, 8, 4, 4, 4, 4, 4, 3, 3, 6, 12, 32, 6, 12, 8, 3, 3, 11, 6, 8, 12, 7, 3, 4, 4, 2, 2, 4, 2, 4, 4, 3, 3, 2, 2, 2, 2, 30, 34, 6, 2, 2, 15, 8, 16]	[3, 4, 1, 2, 3, 4, 2, 2, 2, 2, 2, 3, 3, 3, 6, 16, 3, 6, 4, 3, 3, 8, 6, 6, 8, 2, 0, 2, 3, 1, 0, 2, 1, 2, 2, 3, 3, 1, 1, 1, 1, 30, 34, 3, 1, 1, 11, 8, 8]	[3, 4, 1, 2, 3, 4, 2, 2, 2, 2, 2, 0, 0, 3, 6, 16, 3, 6, 4, 0, 0, 3, 0, 2, 4, 5, 3, 2, 1, 1, 2, 2, 1, 2, 2, 0, 0, 1, 1, 1, 1, 0, 0, 3, 1, 1, 4, 0, 8]	['Tests/AddCredit/addCredit1/input.txt', 'Tests/AddCredit/addCredit1/output.txt', 'Tests/AddCredit/addCredit2/input.txt', 'Tests/AddCredit/addCredit2/output.txt', 'Tests/AddCredit/addCredit3/input.txt', 'Tests/AddCredit/addCredit4/input.txt', 'Tests/AddCredit/addCredit4/output.txt', 'Tests/Advertise/advert1/input.txt', 'Tests/Advertise/advert2/input.txt', 'Tests/Advertise/advert3/input.txt', 'Tests/Advertise/advert4/input.txt', 'Tests/Advertise/advert5/input.txt', 'Tests/Advertise/advert5/output.txt', 'Tests/Bid/bid1/input.txt', 'Tests/Bid/bid2/input.txt', 'Tests/Bid/bid3/input.txt', 'Tests/Bid/bid4/input.txt', 'Tests/Bid/bid5/input.txt', 'Tests/Bid/bid6/input.txt', 'Tests/Bid/bid7/input.txt', 'Tests/Bid/bid7/output.txt', 'Tests/CreateNewUser/NewUser5/input.txt', 'Tests/CreateNewUser/NewUser5/output.txt', 'Tests/CreateNewUser/newUser1/input.txt', 'Tests/CreateNewUser/newUser1/output.txt', 'Tests/CreateNewUser/newUser2/input.txt', 'Tests/CreateNewUser/newUser2/output.txt', 'Tests/CreateNewUser/newUser3/input.txt', 'Tests/CreateNewUser/newUser3/output.txt', 'Tests/CreateNewUser/newUser4/input.txt', 'Tests/CreateNewUser/newUser4/output.txt', 'Tests/DeleteUser/delete1/input.txt', 'Tests/DeleteUser/delete2/input.txt', 'Tests/DeleteUser/delete3/input.txt', 'Tests/DeleteUser/delete4/input.txt', 'Tests/DeleteUser/delete5/input.txt', 'Tests/DeleteUser/delete5/output.txt', 'Tests/Login/login1/input.txt', 'Tests/Login/login2/input.txt', 'Tests/Login/login4/input.txt', 'Tests/Logout/logout1/input.txt', 'Tests/Prep/prep1/input.txt', 'Tests/Prep/prep1/output.txt', 'Tests/Refund/refund1/input.txt', 'Tests/Refund/refund2/input.txt', 'Tests/Refund/refund3/input.txt', 'Tests/Refund/refund4/input.txt', 'Tests/Refund/refund4/output.txt', 'Tests/Refund/refund5/input.txt']	
Colin-Shaw2	2020-01-29 21:46:53	['20b25a315a02a1d7aea4e2930175e73a77b64123']	added test directory	160ca3027c0c2723bb258486191777950b177f7e	[0, 0, 0, 0, 0, 0, 0, 0, 0, 0, 0, 0, 0, 0, 0, 0, 0, 0, 0, 0, 0, 0, 0, 0, 0, 0, 0, 0, 0, 0, 0, 0, 0, 0, 0, 0, 0, 0, 0, 0, 0, 0, 0, 0, 0, 0, 0, 0, 0, 0, 0, 0, 0, 0, 0, 0, 0, 0, 0, 0, 0, 0, 0, 0, 0, 0, 0, 0]	[0, 0, 0, 0, 0, 0, 0, 0, 0, 0, 0, 0, 0, 0, 0, 0, 0, 0, 0, 0, 0, 0, 0, 0, 0, 0, 0, 0, 0, 0, 0, 0, 0, 0, 0, 0, 0, 0, 0, 0, 0, 0, 0, 0, 0, 0, 0, 0, 0, 0, 0, 0, 0, 0, 0, 0, 0, 0, 0, 0, 0, 0, 0, 0, 0, 0, 0, 0]	[0, 0, 0, 0, 0, 0, 0, 0, 0, 0, 0, 0, 0, 0, 0, 0, 0, 0, 0, 0, 0, 0, 0, 0, 0, 0, 0, 0, 0, 0, 0, 0, 0, 0, 0, 0, 0, 0, 0, 0, 0, 0, 0, 0, 0, 0, 0, 0, 0, 0, 0, 0, 0, 0, 0, 0, 0, 0, 0, 0, 0, 0, 0, 0, 0, 0, 0, 0]	['Tests/AddCredit/addCredit1/input.txt', 'Tests/AddCredit/addCredit1/output.txt', 'Tests/AddCredit/addCredit2/input.txt', 'Tests/AddCredit/addCredit2/output.txt', 'Tests/AddCredit/addCredit3/input.txt', 'Tests/AddCredit/addCredit3/output.txt', 'Tests/AddCredit/addCredit4/input.txt', 'Tests/AddCredit/addCredit4/output.txt', 'Tests/Advertise/advert1/input.txt', 'Tests/Advertise/advert1/output.txt', 'Tests/Advertise/advert2/input.txt', 'Tests/Advertise/advert2/output.txt', 'Tests/Advertise/advert3/input.txt', 'Tests/Advertise/advert3/output.txt', 'Tests/Advertise/advert4/input.txt', 'Tests/Advertise/advert4/output.txt', 'Tests/Bid/bid1/input.txt', 'Tests/Bid/bid1/output.txt', 'Tests/Bid/bid2/input.txt', 'Tests/Bid/bid2/output.txt', 'Tests/Bid/bid3/input.txt', 'Tests/Bid/bid3/output.txt', 'Tests/Bid/bid4/input.txt', 'Tests/Bid/bid4/output.txt', 'Tests/Bid/bid5/input.txt', 'Tests/Bid/bid5/output.txt', 'Tests/Bid/bid6/input.txt', 'Tests/Bid/bid6/output.txt', 'Tests/CreateNewUser/NewUser5/input.txt', 'Tests/CreateNewUser/NewUser5/output.txt', 'Tests/CreateNewUser/newUser1/input.txt', 'Tests/CreateNewUser/newUser1/output.txt', 'Tests/CreateNewUser/newUser2/input.txt', 'Tests/CreateNewUser/newUser2/output.txt', 'Tests/CreateNewUser/newUser3/input.txt', 'Tests/CreateNewUser/newUser3/output.txt', 'Tests/CreateNewUser/newUser4/input.txt', 'Tests/CreateNewUser/newUser4/output.txt', 'Tests/DeleteUser/delete1/input.txt', 'Tests/DeleteUser/delete1/output.txt', 'Tests/DeleteUser/delete2/input.txt', 'Tests/DeleteUser/delete2/output.txt', 'Tests/DeleteUser/delete3/input.txt', 'Tests/DeleteUser/delete3/output.txt', 'Tests/DeleteUser/delete4/input.txt', 'Tests/DeleteUser/delete4/output.txt', 'Tests/Login/login1/input.txt', 'Tests/Login/login1/output.txt', 'Tests/Login/login2/input.txt', 'Tests/Login/login2/output.txt', 'Tests/Login/login3/input.txt', 'Tests/Login/login3/output.txt', 'Tests/Login/login4/input.txt', 'Tests/Login/login4/output.txt', 'Tests/Logout/logout1/input.txt', 'Tests/Logout/logout1/output.txt', 'Tests/Logout/logout2/input.txt', 'Tests/Logout/logout2/output.txt', 'Tests/Refund/refund1/input.txt', 'Tests/Refund/refund1/output.txt', 'Tests/Refund/refund2/input.txt', 'Tests/Refund/refund2/output.txt', 'Tests/Refund/refund3/input.txt', 'Tests/Refund/refund3/output.txt', 'Tests/Refund/refund4/input.txt', 'Tests/Refund/refund4/output.txt', 'Tests/Refund/refund5/input.txt', 'Tests/Refund/refund5/output.txt']	
Colin-Shaw2	2020-01-29 21:41:34	['f4bbcf4746115092e876da945cf3d3819f88aa1a']	added input and output for test cases	20b25a315a02a1d7aea4e2930175e73a77b64123	[8, 10, 4, 5, 8, 8, 8, 10, 0, 0, 0, 0, 0, 0, 6, 6, 10, 10, 20, 20, 26, 26, 6, 6, 11, 11, 30, 30, 5, 5, 11, 11, 6, 6, 6, 5, 14, 14, 7, 7, 6, 4, 4, 6, 3, 3, 2, 2, 4, 4, 0, 0, 0, 0, 3, 3, 7, 7]	[8, 10, 4, 5, 8, 8, 8, 10, 0, 0, 0, 0, 0, 0, 6, 6, 10, 10, 20, 20, 26, 26, 6, 6, 11, 11, 30, 30, 5, 5, 11, 11, 6, 6, 6, 5, 14, 14, 7, 7, 6, 4, 4, 6, 3, 3, 2, 2, 4, 4, 0, 0, 0, 0, 3, 3, 7, 7]	[0, 0, 0, 0, 0, 0, 0, 0, 0, 0, 0, 0, 0, 0, 0, 0, 0, 0, 0, 0, 0, 0, 0, 0, 0, 0, 0, 0, 0, 0, 0, 0, 0, 0, 0, 0, 0, 0, 0, 0, 0, 0, 0, 0, 0, 0, 0, 0, 0, 0, 0, 0, 0, 0, 0, 0, 0, 0]	['AddCredit/addCredit1/input.txt', 'AddCredit/addCredit1/output.txt', 'AddCredit/addCredit2/input.txt', 'AddCredit/addCredit2/output.txt', 'AddCredit/addCredit3/input.txt', 'AddCredit/addCredit3/output.txt', 'AddCredit/addCredit4/input.txt', 'AddCredit/addCredit4/output.txt', 'AddCredit/addCredit5/input.txt', 'AddCredit/addCredit5/output.txt', 'AddCredit/addCredit6/input.txt', 'AddCredit/addCredit6/output.txt', 'AddCredit/addCredit7/input.txt', 'AddCredit/addCredit7/output.txt', 'Advertise/advert1/input.txt', 'Advertise/advert1/output.txt', 'Advertise/advert2/input.txt', 'Advertise/advert2/output.txt', 'Advertise/advert3/input.txt', 'Advertise/advert3/output.txt', 'Advertise/advert4/input.txt', 'Advertise/advert4/output.txt', 'Bid/bid1/input.txt', 'Bid/bid1/output.txt', 'Bid/bid2/input.txt', 'Bid/bid2/output.txt', 'Bid/bid3/input.txt', 'Bid/bid3/output.txt', 'Bid/bid4/input.txt', 'Bid/bid4/output.txt', 'Bid/bid5/input.txt', 'Bid/bid5/output.txt', 'Bid/bid6/input.txt', 'Bid/bid6/output.txt', 'CreateNewUser/NewUser5/input.txt', 'CreateNewUser/NewUser5/output.txt', 'CreateNewUser/newUser1/input.txt', 'CreateNewUser/newUser1/output.txt', 'CreateNewUser/newUser2/input.txt', 'CreateNewUser/newUser2/output.txt', 'CreateNewUser/newUser3/input.txt', 'CreateNewUser/newUser3/output.txt', 'CreateNewUser/newUser4/input.txt', 'CreateNewUser/newUser4/output.txt', 'Login/login2/input.txt', 'Login/login2/output.txt', 'Login/login3/input.txt', 'Login/login3/output.txt', 'Login/login4/input.txt', 'Login/login4/output.txt', 'Login/login5/input.txt', 'Login/login5/output.txt', 'Login/login6/input.txt', 'Login/login6/output.txt', 'Logout/logout1/input.txt', 'Logout/logout1/output.txt', 'Logout/logout2/input.txt', 'Logout/logout2/output.txt']	
SiyavashGh	2020-01-29 21:40:40	['7131e724076508ccb8a53871b2141d9a4d7d54cf']	delete and refund i/o - part 2	f4bbcf4746115092e876da945cf3d3819f88aa1a	[3, 3, 3, 3]	[2, 2, 2, 2]	[1, 1, 1, 1]	['DeleteUser/delete1/output.txt', 'DeleteUser/delete2/output.txt', 'DeleteUser/delete3/output.txt', 'DeleteUser/delete4/output.txt']	
SiyavashGh	2020-01-29 21:36:59	['17850027a4801b5092a8db58fd5d25f1e1f2ac72']	delete and refund i/o	7131e724076508ccb8a53871b2141d9a4d7d54cf	[4, 3, 4, 3, 6, 5, 4, 3, 6, 6, 3, 3, 7, 7, 6, 6, 14, 14]	[4, 3, 4, 3, 6, 5, 4, 3, 6, 6, 3, 3, 7, 7, 6, 6, 14, 14]	[0, 0, 0, 0, 0, 0, 0, 0, 0, 0, 0, 0, 0, 0, 0, 0, 0, 0]	['DeleteUser/delete1/input.txt', 'DeleteUser/delete1/output.txt', 'DeleteUser/delete2/input.txt', 'DeleteUser/delete2/output.txt', 'DeleteUser/delete3/input.txt', 'DeleteUser/delete3/output.txt', 'DeleteUser/delete4/input.txt', 'DeleteUser/delete4/output.txt', 'Refund/refund1/input.txt', 'Refund/refund1/output.txt', 'Refund/refund2/input.txt', 'Refund/refund2/output.txt', 'Refund/refund3/input.txt', 'Refund/refund3/output.txt', 'Refund/refund4/input.txt', 'Refund/refund4/output.txt', 'Refund/refund5/input.txt', 'Refund/refund5/output.txt']	
Colin-Shaw2	2020-01-29 19:45:48	['25acc6660aca3e0e35cde1b41679f09125fb6722']	Added testing folder Structure	17850027a4801b5092a8db58fd5d25f1e1f2ac72	[0, 0, 0, 0, 0, 0, 0, 0, 0, 0, 0, 0, 0, 0, 0, 0, 0, 0, 0, 0, 0, 0, 0, 0, 0, 0, 0, 0, 0, 0, 0, 0, 0, 0, 0, 0, 0, 0, 0, 0, 0, 0, 0, 0, 2, 2, 0, 0, 0, 0, 0, 0, 0, 0, 0, 0, 0, 0, 0, 0, 0, 0, 0, 0, 0, 0, 0, 0]	[0, 0, 0, 0, 0, 0, 0, 0, 0, 0, 0, 0, 0, 0, 0, 0, 0, 0, 0, 0, 0, 0, 0, 0, 0, 0, 0, 0, 0, 0, 0, 0, 0, 0, 0, 0, 0, 0, 0, 0, 0, 0, 0, 0, 2, 2, 0, 0, 0, 0, 0, 0, 0, 0, 0, 0, 0, 0, 0, 0, 0, 0, 0, 0, 0, 0, 0, 0]	[0, 0, 0, 0, 0, 0, 0, 0, 0, 0, 0, 0, 0, 0, 0, 0, 0, 0, 0, 0, 0, 0, 0, 0, 0, 0, 0, 0, 0, 0, 0, 0, 0, 0, 0, 0, 0, 0, 0, 0, 0, 0, 0, 0, 0, 0, 0, 0, 0, 0, 0, 0, 0, 0, 0, 0, 0, 0, 0, 0, 0, 0, 0, 0, 0, 0, 0, 0]	['AddCredit/addCredit1/input.txt', 'AddCredit/addCredit1/output.txt', 'AddCredit/addCredit2/input.txt', 'AddCredit/addCredit2/output.txt', 'AddCredit/addCredit3/input.txt', 'AddCredit/addCredit3/output.txt', 'AddCredit/addCredit4/input.txt', 'AddCredit/addCredit4/output.txt', 'AddCredit/addCredit5/input.txt', 'AddCredit/addCredit5/output.txt', 'AddCredit/addCredit6/input.txt', 'AddCredit/addCredit6/output.txt', 'AddCredit/addCredit7/input.txt', 'AddCredit/addCredit7/output.txt', 'Advertise/advert1/input.txt', 'Advertise/advert1/output.txt', 'Advertise/advert2/input.txt', 'Advertise/advert2/output.txt', 'Advertise/advert3/input.txt', 'Advertise/advert3/output.txt', 'Bid/bid1/input.txt', 'Bid/bid1/output.txt', 'Bid/bid2/input.txt', 'Bid/bid2/output.txt', 'Bid/bid3/input.txt', 'Bid/bid3/output.txt', 'Bid/bid4/input.txt', 'Bid/bid4/output.txt', 'Bid/bid5/input.txt', 'Bid/bid5/output.txt', 'Bid/bid6/input.txt', 'Bid/bid6/output.txt', 'CreateNewUser/newUser1/input.txt', 'CreateNewUser/newUser1/output.txt', 'CreateNewUser/newUser2/input.txt', 'CreateNewUser/newUser2/output.txt', 'CreateNewUser/newUser3/input.txt', 'CreateNewUser/newUser3/output.txt', 'DeleteUser/delete1/input.txt', 'DeleteUser/delete1/output.txt', 'DeleteUser/delete2/input.txt', 'DeleteUser/delete2/output.txt', 'DeleteUser/delete3/input.txt', 'DeleteUser/delete3/output.txt', 'Login/login1/input.txt', 'Login/login1/output.txt', 'Login/login2/input.txt', 'Login/login2/output.txt', 'Login/login3/input.txt', 'Login/login3/output.txt', 'Login/login4/input.txt', 'Login/login4/output.txt', 'Login/login5/input.txt', 'Login/login5/output.txt', 'Login/login6/input.txt', 'Login/login6/output.txt', 'Logout/logout1/input.txt', 'Logout/logout1/output.txt', 'Logout/logout2/input.txt', 'Logout/logout2/output.txt', 'Refund/refund1/input.txt', 'Refund/refund1/output.txt', 'Refund/refund2/input.txt', 'Refund/refund2/output.txt', 'Refund/refund3/input.txt', 'Refund/refund3/output.txt', 'Refund/refund4/input.txt', 'Refund/refund4/output.txt']	
Colin-Shaw2	2020-01-13 14:52:43	[]	Initial commit	25acc6660aca3e0e35cde1b41679f09125fb6722	[32, 1]	[32, 1]	[0, 0]	['.gitignore', 'README.md']	
