author	time	parents	message	sha	changes	additions	deletions	files	branch
BlueKickshaw	2018-04-03 00:46:17	['79a64d0a7da2257cbf6b115e291a7c0ff41f254e']	players can no longer join lobbies which are full	1d82734119d02fe4c66bdfc745be8f757c39ea60	[1, 1, 1, 6, 2, 30, 2]	[1, 1, 1, 2, 1, 28, 1]	[0, 0, 0, 4, 1, 2, 1]	['src/Game/ThreePlayerController.java', 'src/Game/TwoPlayerController.java', 'src/server/Client.java', 'src/server/FXMLController.java', 'src/server/Network.java', 'src/server/RequestManager.java', 'src/server/serverScenes/loginScreen.fxml']	master
BlueKickshaw	2018-04-03 00:44:25	['b8fcc53e54dddbf45c3de21e33364faa2338dd08', 'fab3b4260b5373557088fef5699b76b6304e375c']	Merge remote-tracking branch 'origin/master'# Conflicts:#accounts.csv#src/accounts.csv	79a64d0a7da2257cbf6b115e291a7c0ff41f254e	[61, 9, 0, 2, 12, 88, 157, 10, 66, 7, 34, 10, 10, 10, 6, 2, 2, 2, 3, 7, 2, 9, 11, 8, 14, 11, 7, 16]	[61, 0, 0, 1, 9, 13, 99, 9, 7, 1, 7, 4, 4, 4, 1, 0, 0, 1, 0, 4, 0, 3, 6, 4, 6, 4, 1, 7]	[0, 9, 0, 1, 3, 75, 58, 1, 59, 6, 27, 6, 6, 6, 5, 2, 2, 1, 3, 3, 2, 6, 5, 4, 8, 7, 6, 9]	['README.md', 'README.txt', 'accounts.csv', 'src/Cards/Chopsticks.java', 'src/Game/Deck.java', 'src/Game/FourPlayerController.java', 'src/Game/GameDriver.java', 'src/Game/Player.java', 'src/Game/ThreePlayerController.java', 'src/Game/Turn.java', 'src/Game/TwoPlayerController.java', 'src/Game/gameScenes/2PlayerGame.fxml', 'src/Game/gameScenes/3PlayerGame.fxml', 'src/Game/gameScenes/4PlayerGame.fxml', 'src/Game/table/gameTable.fxml', 'src/server/ClientConnectionManager.java', 'src/server/Lobby.java', 'src/server/Main.java', 'src/server/Network.java', 'src/server/RequestManager.java', 'src/server/Server.java', 'src/server/serverScenes/browserScreen.fxml', 'src/server/serverScenes/entryScreen.fxml', 'src/server/serverScenes/hostLobbyScreen.fxml', 'src/server/serverScenes/hostScreen.fxml', 'src/server/serverScenes/loginScreen.fxml', 'src/server/serverScenes/serverScreen.fxml', 'src/server/serverScenes/welcomeScreen.fxml']	master
BlueKickshaw	2018-04-03 00:42:20	['913455b648f9cc190cc3b29145f571628236cec9']	adding jar for easy testing	b8fcc53e54dddbf45c3de21e33364faa2338dd08	[7, 0, 7]	[0, 0, 1]	[7, 0, 6]	['accounts.csv', 'out/artifacts/sushigo/sushigo.jar', 'src/accounts.csv']	master
BlueKickshaw	2018-04-02 22:54:56	['c22b50a02d72f5d2b618a9179cfcc53bc43b75ba']	Updated README regarding lobby start	fab3b4260b5373557088fef5699b76b6304e375c	[3]	[3]	[0]	['README.md']	master
BlueKickshaw	2018-04-02 22:52:10	['1a4dcdc3b8085d19857466dc91b99adac8d3268b']	Minor wording changes, updated information regarding .jar/gradle	c22b50a02d72f5d2b618a9179cfcc53bc43b75ba	[48]	[28]	[20]	['README.md']	master
Colin	2018-04-02 21:53:55	['cbda169e8195d236a63a14a8db5388eb441267aa']	made read me even prettier;	1a4dcdc3b8085d19857466dc91b99adac8d3268b	[12]	[6]	[6]	['README.md']	master
Colin	2018-04-02 21:50:20	['28b9408b3182ab396b7fd3b24855bb2722335c60']	Made readme look nice and pretty;	cbda169e8195d236a63a14a8db5388eb441267aa	[34]	[29]	[5]	['README.md']	master
jon-perry	2018-04-02 21:38:47	['72cc2ee1f4e34b85e4b0d8abfb9985e2adb8c5e3']	readme updated	28b9408b3182ab396b7fd3b24855bb2722335c60	[11]	[9]	[2]	['README.md']	master
BlueKickshaw	2018-04-02 20:04:03	['38b4fae75c6a82121b0e81436a941b1ff9089e81']	Update README.md	72cc2ee1f4e34b85e4b0d8abfb9985e2adb8c5e3	[19, 9]	[19, 0]	[0, 9]	['README.md', 'README.txt']	master
Colin	2018-04-02 19:49:50	['77d51acb7465d31bb1cb8ab12df809f7351d4524', '57270b0db36366f68aa356ea756da65be46fed8b']	Merge remote-tracking branch 'origin/master'	38b4fae75c6a82121b0e81436a941b1ff9089e81	[2]	[1]	[1]	['README.txt']	master
Colin	2018-04-02 19:49:31	['2c501c7ab45db5789c6e2663f516f3b651c3095a']	Added a few more comments and removed some unused code;	77d51acb7465d31bb1cb8ab12df809f7351d4524	[2, 8, 45]	[1, 8, 0]	[1, 0, 45]	['src/Cards/Chopsticks.java', 'src/Game/Player.java', 'src/Game/ThreePlayerController.java']	master
Colin-Shaw2	2018-04-02 19:37:20	['2c501c7ab45db5789c6e2663f516f3b651c3095a']	Update README.txt	57270b0db36366f68aa356ea756da65be46fed8b	[2]	[1]	[1]	['README.txt']	master
Colin	2018-04-02 19:36:08	['843fb7a0ed64b738d10801aa2609f96e845fbf4f']	Optimized imports in all src files;	2c501c7ab45db5789c6e2663f516f3b651c3095a	[5, 7, 1, 4, 10, 10, 10, 6, 2, 2, 2, 3, 7, 2, 9, 11, 8, 14, 11, 7, 16]	[4, 5, 1, 0, 4, 4, 4, 1, 0, 0, 1, 0, 4, 0, 3, 6, 4, 6, 4, 1, 7]	[1, 2, 0, 4, 6, 6, 6, 5, 2, 2, 1, 3, 3, 2, 6, 5, 4, 8, 7, 6, 9]	['src/Game/Deck.java', 'src/Game/FourPlayerController.java', 'src/Game/Turn.java', 'src/Game/TwoPlayerController.java', 'src/Game/gameScenes/2PlayerGame.fxml', 'src/Game/gameScenes/3PlayerGame.fxml', 'src/Game/gameScenes/4PlayerGame.fxml', 'src/Game/table/gameTable.fxml', 'src/server/ClientConnectionManager.java', 'src/server/Lobby.java', 'src/server/Main.java', 'src/server/Network.java', 'src/server/RequestManager.java', 'src/server/Server.java', 'src/server/serverScenes/browserScreen.fxml', 'src/server/serverScenes/entryScreen.fxml', 'src/server/serverScenes/hostLobbyScreen.fxml', 'src/server/serverScenes/hostScreen.fxml', 'src/server/serverScenes/loginScreen.fxml', 'src/server/serverScenes/serverScreen.fxml', 'src/server/serverScenes/welcomeScreen.fxml']	master
Colin	2018-04-02 19:32:43	['439d06ba7b0d9bea0e00fd9164fecc378d4661df']	Added more comments to gamedriver;	843fb7a0ed64b738d10801aa2609f96e845fbf4f	[4, 66]	[4, 59]	[0, 7]	['accounts.csv', 'src/Game/GameDriver.java']	master
jon-perry	2018-04-02 17:51:24	['019b8250b6071563aad1a058a096388c175203e4', '913455b648f9cc190cc3b29145f571628236cec9']	Merge branch 'master' of https://github.com/BlueKickshaw/sushiGo	439d06ba7b0d9bea0e00fd9164fecc378d4661df	[4, 0, 25, 57, 20, 8, 5, 1, 4]	[4, 0, 24, 48, 18, 8, 0, 1, 2]	[0, 0, 1, 9, 2, 0, 5, 0, 2]	['accounts.csv', 'out/artifacts/sushigo/sushigo.jar', 'src/server/FXMLController.java', 'src/server/Network.java', 'src/server/RequestManager.java', 'src/server/Server.java', 'src/server/serverScenes/loginScreen.fxml', 'src/server/serverScenes/serverScreen.fxml', 'src/server/serverScenes/welcomeScreen.fxml']	master
jon-perry	2018-04-02 17:51:14	['a3e687f7d5c102b2baf8e917569b1d5a4933167e']	added some comments and removed some unused code	019b8250b6071563aad1a058a096388c175203e4	[2, 81, 38, 2, 21, 8, 28, 2]	[2, 8, 17, 1, 7, 1, 7, 2]	[0, 73, 21, 1, 14, 7, 21, 0]	['src/Game/Deck.java', 'src/Game/FourPlayerController.java', 'src/Game/GameDriver.java', 'src/Game/Player.java', 'src/Game/ThreePlayerController.java', 'src/Game/Turn.java', 'src/Game/TwoPlayerController.java', 'src/accounts.csv']	master
BlueKickshaw	2018-04-02 17:41:51	['8903e6a63c0edcca02a6e6122f8749933186d449']	fixed numerous error-checking methods (creating duplicate servers; proper login error messages; invalid IP for server; server ending	913455b648f9cc190cc3b29145f571628236cec9	[4, 25, 25, 20, 8, 5, 1, 4]	[4, 24, 25, 18, 8, 0, 1, 2]	[0, 1, 0, 2, 0, 5, 0, 2]	['accounts.csv', 'src/server/FXMLController.java', 'src/server/Network.java', 'src/server/RequestManager.java', 'src/server/Server.java', 'src/server/serverScenes/loginScreen.fxml', 'src/server/serverScenes/serverScreen.fxml', 'src/server/serverScenes/welcomeScreen.fxml']	master
BlueKickshaw	2018-04-02 16:40:46	['254fd353719d912467545d4c23118d8b0943a77f', '1157a0f7afa8ce174b732cb511c5048e1825a798']	Merge branch 'master' of https://github.com/bluekickshaw/sushigo	8903e6a63c0edcca02a6e6122f8749933186d449	[3, 1, 10, 14, 18]	[3, 1, 5, 7, 9]	[0, 0, 5, 7, 9]	['accounts.csv', 'src/Game/GameDriver.java', 'src/Game/gameScenes/2PlayerGame.fxml', 'src/Game/gameScenes/3PlayerGame.fxml', 'src/Game/gameScenes/4PlayerGame.fxml']	master
jon-perry	2018-04-02 16:36:47	['6be13bf74efe24f61e120bf9287cc91418a69174', '1157a0f7afa8ce174b732cb511c5048e1825a798']	Merge branch 'master' of https://github.com/BlueKickshaw/sushiGo	a3e687f7d5c102b2baf8e917569b1d5a4933167e	[3, 1, 10, 14, 18]	[3, 1, 5, 7, 9]	[0, 0, 5, 7, 9]	['accounts.csv', 'src/Game/GameDriver.java', 'src/Game/gameScenes/2PlayerGame.fxml', 'src/Game/gameScenes/3PlayerGame.fxml', 'src/Game/gameScenes/4PlayerGame.fxml']	master
BlueKickshaw	2018-04-02 06:56:50	['e3c9de7d0cf97f3eeffd9f5e3e9d5ee08a634d59']	adding jar for testing on PC	254fd353719d912467545d4c23118d8b0943a77f	[0]	[0]	[0]	['out/artifacts/sushigo/sushigo.jar']	master
BlueKickshaw	2018-04-02 06:54:00	['201ac11f06b5560f865de8ee2cd7505f0abc945f']	made changes to the way ports were checked	e3c9de7d0cf97f3eeffd9f5e3e9d5ee08a634d59	[32]	[23]	[9]	['src/server/Network.java']	master
jon-perry	2018-04-02 06:02:55	['201ac11f06b5560f865de8ee2cd7505f0abc945f']	removed grid lines and populated score labels at the beginning of the game	1157a0f7afa8ce174b732cb511c5048e1825a798	[3, 1, 10, 14, 18]	[3, 1, 5, 7, 9]	[0, 0, 5, 7, 9]	['accounts.csv', 'src/Game/GameDriver.java', 'src/Game/gameScenes/2PlayerGame.fxml', 'src/Game/gameScenes/3PlayerGame.fxml', 'src/Game/gameScenes/4PlayerGame.fxml']	master
jon-perry	2018-04-02 05:17:44	['f14c2c302a4666021b6a70ec7d040da137a2072e', '201ac11f06b5560f865de8ee2cd7505f0abc945f']	Merge branch 'master' of https://github.com/BlueKickshaw/sushiGo	6be13bf74efe24f61e120bf9287cc91418a69174	[11, 20, 3]	[0, 12, 3]	[11, 8, 0]	['accounts.csv', 'src/server/Network.java', 'src/server/RequestManager.java']	master
BlueKickshaw	2018-04-02 05:17:19	['147aca96495a82afb6cd6fe66de7202b9e40cad4']	fixed local address issue	201ac11f06b5560f865de8ee2cd7505f0abc945f	[11, 20, 3]	[0, 12, 3]	[11, 8, 0]	['accounts.csv', 'src/server/Network.java', 'src/server/RequestManager.java']	master
jon-perry	2018-04-02 04:41:11	['849c2fea3029d7de0c1a6c8b151604a034dbbe71', '147aca96495a82afb6cd6fe66de7202b9e40cad4']	Merge branch 'master' of https://github.com/BlueKickshaw/sushiGo	f14c2c302a4666021b6a70ec7d040da137a2072e	[1, 1, 1, 2, 2, 615, 812, 978, 21, 2, 2]	[1, 1, 1, 1, 1, 310, 415, 496, 3, 1, 1]	[0, 0, 0, 1, 1, 305, 397, 482, 18, 1, 1]	['accounts.csv', 'src/Game/FourPlayerController.java', 'src/Game/ThreePlayerController.java', 'src/Game/Turn.java', 'src/Game/TwoPlayerController.java', 'src/Game/gameScenes/2PlayerGame.fxml', 'src/Game/gameScenes/3PlayerGame.fxml', 'src/Game/gameScenes/4PlayerGame.fxml', 'src/server/RequestManager.java', 'src/server/serverScenes/hostLobbyScreen.fxml', 'src/server/serverScenes/serverScreen.fxml']	master
BlueKickshaw	2018-04-02 04:40:33	['c2729d2c5b0a04eb22263dca55ae749a31ff18ee']	pushing before colin	147aca96495a82afb6cd6fe66de7202b9e40cad4	[2]	[1]	[1]	['src/Game/FourPlayerController.java']	master
BlueKickshaw	2018-04-02 04:40:05	['e62e8843c51efb7630c6117f27b011865772e0fb']	pushing before colin	c2729d2c5b0a04eb22263dca55ae749a31ff18ee	[1, 1, 2, 2, 615, 812, 978, 2, 2]	[1, 1, 1, 1, 310, 415, 496, 1, 1]	[0, 0, 1, 1, 305, 397, 482, 1, 1]	['src/Game/FourPlayerController.java', 'src/Game/ThreePlayerController.java', 'src/Game/Turn.java', 'src/Game/TwoPlayerController.java', 'src/Game/gameScenes/2PlayerGame.fxml', 'src/Game/gameScenes/3PlayerGame.fxml', 'src/Game/gameScenes/4PlayerGame.fxml', 'src/server/serverScenes/hostLobbyScreen.fxml', 'src/server/serverScenes/serverScreen.fxml']	master
BlueKickshaw	2018-04-02 04:22:20	['92172aa8f189c1e12902a8accb470c3f24c9e409']	fixed 2-4 players	e62e8843c51efb7630c6117f27b011865772e0fb	[1, 2, 21]	[1, 1, 3]	[0, 1, 18]	['accounts.csv', 'src/Game/Turn.java', 'src/server/RequestManager.java']	master
jon-perry	2018-04-02 03:21:58	['4b210e7eae6f97a26a4e8eec6c847f36539036e4', '92172aa8f189c1e12902a8accb470c3f24c9e409']	Merge branch 'master' of https://github.com/BlueKickshaw/sushiGo	849c2fea3029d7de0c1a6c8b151604a034dbbe71	[9, 3, 8, 46, 10]	[9, 3, 0, 33, 4]	[0, 0, 8, 13, 6]	['README.txt', 'accounts.csv', 'src/server/FXMLController.java', 'src/server/RequestManager.java', 'src/server/serverScenes/welcomeScreen.fxml']	master
BlueKickshaw	2018-04-02 03:19:23	['6977cef2dc6368f7f64b47802a1e624bfb6cf6ff']	multiplayer progress	92172aa8f189c1e12902a8accb470c3f24c9e409	[9, 3, 8, 46, 10]	[9, 3, 0, 33, 4]	[0, 0, 8, 13, 6]	['README.txt', 'accounts.csv', 'src/server/FXMLController.java', 'src/server/RequestManager.java', 'src/server/serverScenes/welcomeScreen.fxml']	master
jon-perry	2018-04-02 01:18:16	['51a53ada0475eafa0f0c6b4ba2d59d63014b728f', '6977cef2dc6368f7f64b47802a1e624bfb6cf6ff']	Merge branch 'master' of https://github.com/BlueKickshaw/sushiGo	4b210e7eae6f97a26a4e8eec6c847f36539036e4	[1, 7, 11, 25, 5]	[1, 7, 11, 20, 0]	[0, 0, 0, 5, 5]	['accounts.csv', 'src/server/FXMLController.java', 'src/server/Lobby.java', 'src/server/RequestManager.java', 'src/server/serverScenes/welcomeScreen.fxml']	master
jon-perry	2018-04-02 01:17:17	['dc1f2fb7eadae4a6fb5806bd569baed727cdc640']	deck seed used now	51a53ada0475eafa0f0c6b4ba2d59d63014b728f	[7, 55, 2, 4]	[4, 24, 0, 4]	[3, 31, 2, 0]	['src/Game/Deck.java', 'src/Game/GameDriver.java', 'src/Game/TwoPlayerController.java', 'src/accounts.csv']	master
BlueKickshaw	2018-04-02 01:16:09	['dc1f2fb7eadae4a6fb5806bd569baed727cdc640']	added seed functionality for lobby	6977cef2dc6368f7f64b47802a1e624bfb6cf6ff	[1, 7, 11, 25, 5]	[1, 7, 11, 20, 0]	[0, 0, 0, 5, 5]	['accounts.csv', 'src/server/FXMLController.java', 'src/server/Lobby.java', 'src/server/RequestManager.java', 'src/server/serverScenes/welcomeScreen.fxml']	master
BlueKickshaw	2018-04-01 21:37:01	['6334fe1781acc2ac75a1f167e4064616b26f4d9c']	tableHands now functioning for all sized games	dc1f2fb7eadae4a6fb5806bd569baed727cdc640	[41, 40, 4, 46, 12, 20, 12, 1, 31]	[18, 27, 4, 21, 7, 10, 12, 0, 25]	[23, 13, 0, 25, 5, 10, 0, 1, 6]	['src/Game/FourPlayerController.java', 'src/Game/GameDriver.java', 'src/Game/Hand.java', 'src/Game/ThreePlayerController.java', 'src/Game/Turn.java', 'src/Game/TwoPlayerController.java', 'src/server/FXMLController.java', 'src/server/Network.java', 'src/server/RequestManager.java']	temporaryTest
BlueKickshaw	2018-04-01 05:19:40	['8e4db1e54e77623ddda3f96f08744d6a99f67e93', 'af99af88427a7df379077f2b5fcb604c557e4a93']	fixed multiplayed; TODO: reorganize TABLE hands	6334fe1781acc2ac75a1f167e4064616b26f4d9c	[6, 69, 124, 3, 11, 51, 1, 61, 2, 4, 19]	[3, 34, 88, 0, 3, 25, 1, 23, 1, 2, 17]	[3, 35, 36, 3, 8, 26, 0, 38, 1, 2, 2]	['src/Game/Deck.java', 'src/Game/FourPlayerController.java', 'src/Game/GameDriver.java', 'src/Game/Hand.java', 'src/Game/Player.java', 'src/Game/ThreePlayerController.java', 'src/Game/Turn.java', 'src/Game/TwoPlayerController.java', 'src/Game/gameScenes/2PlayerGame.fxml', 'src/server/Lobby.java', 'src/server/RequestManager.java']	master
BlueKickshaw	2018-04-01 02:55:59	['7bc41b88a72d98fb7ba7d9c4a9c9166908c39eef']	Turns now work sequentially with networking logic	8e4db1e54e77623ddda3f96f08744d6a99f67e93	[51, 2, 2, 3, 12, 43]	[7, 2, 1, 3, 12, 35]	[44, 0, 1, 0, 0, 8]	['src/Game/GameDriver.java', 'src/Game/Turn.java', 'src/Game/TwoPlayerController.java', 'src/server/Client.java', 'src/server/Network.java', 'src/server/RequestManager.java']	master
BlueKickshaw	2018-04-01 02:55:30	['232bd4f3549e2055e3e0a5b07c35f7676ffac758', '4d3c463d9803afe63fd7c0e1017bc1d4a9c1d5fd']	Turns now work sequentially with networking logic	7bc41b88a72d98fb7ba7d9c4a9c9166908c39eef	[68, 10]	[60, 6]	[8, 4]	['src/Game/GameDriver.java', 'src/Game/TwoPlayerController.java']	master
Colin-Shaw2	2018-04-01 02:48:29	['9c84597c9af3fa0758407b1ddbdcf1ddbbd67d8f']	2,3,4 player game working. need to mesh with network properly	af99af88427a7df379077f2b5fcb604c557e4a93	[6, 2, 7, 45, 2, 2]	[3, 1, 4, 22, 1, 1]	[3, 1, 3, 23, 1, 1]	['src/Game/Deck.java', 'src/Game/FourPlayerController.java', 'src/Game/GameDriver.java', 'src/Game/ThreePlayerController.java', 'src/Game/Turn.java', 'src/Game/TwoPlayerController.java']	gameDriverMeshing
Colin-Shaw2	2018-04-01 02:24:26	['4d3c463d9803afe63fd7c0e1017bc1d4a9c1d5fd']	4player working, more GameDriver run progress	9c84597c9af3fa0758407b1ddbdcf1ddbbd67d8f	[61, 106, 2, 2, 8, 2]	[30, 63, 1, 1, 5, 1]	[31, 43, 1, 1, 3, 1]	['src/Game/FourPlayerController.java', 'src/Game/GameDriver.java', 'src/Game/Main.java', 'src/Game/Turn.java', 'src/Game/TwoPlayerController.java', 'src/Game/gameScenes/2PlayerGame.fxml']	master
BlueKickshaw	2018-03-31 23:37:52	['b273e235cce89c61790e200a4acb98f99c296e6f']	restrutured file; removing static references for better code practice	232bd4f3549e2055e3e0a5b07c35f7676ffac758	[9, 5, 15, 2, 10]	[6, 2, 7, 1, 9]	[3, 3, 8, 1, 1]	['src/Game/GameDriver.java', 'src/Game/Turn.java', 'src/Game/TwoPlayerController.java', 'src/server/Network.java', 'src/server/RequestManager.java']	master
Colin-Shaw2	2018-03-31 23:35:54	['8dbae580de20718ea26778c51f16490fb08421cd']	gamedriver progress	4d3c463d9803afe63fd7c0e1017bc1d4a9c1d5fd	[70, 31, 21]	[59, 19, 11]	[11, 12, 10]	['src/Game/GameDriver.java', 'src/Game/Turn.java', 'src/Game/TwoPlayerController.java']	master
BlueKickshaw	2018-03-31 22:43:01	['0faabaaf9a81353c046c9fbfdbb9447000a16361', '8dbae580de20718ea26778c51f16490fb08421cd']	Merge branch 'gameDriverMeshing' of https://github.com/bluekickshaw/sushiGo# Conflicts:#src/Game/GameDriver.java#src/Game/Turn.java	b273e235cce89c61790e200a4acb98f99c296e6f	[21, 92, 2, 44, 18, 10, 82]	[8, 88, 1, 43, 9, 5, 29]	[13, 4, 1, 1, 9, 5, 53]	['src/Game/FourPlayerController.java', 'src/Game/GameDriver.java', 'src/Game/Main.java', 'src/Game/Player.java', 'src/Game/ThreePlayerController.java', 'src/Game/Turn.java', 'src/Game/TwoPlayerController.java']	master
Colin-Shaw2	2018-03-31 22:36:25	['af9f489c0fcb0b001c01a3ac1e73b345bd10cdd3', '0fd3d6adbec31399c46df24a04c84fb3dd4e20ec']	Pushing to text network integration;Changed gamedriver;	8dbae580de20718ea26778c51f16490fb08421cd	[4, 4, 1, 7, 4, 35, 20, 5, 6, 10, 7, 60, 4, 10, 63, 35]	[3, 3, 0, 3, 3, 32, 13, 5, 6, 10, 7, 60, 3, 7, 45, 30]	[1, 1, 1, 4, 1, 3, 7, 0, 0, 0, 0, 0, 1, 3, 18, 5]	['src/Cards/Card.java', 'src/Game/FourPlayerController.java', 'src/Game/GameDriver.java', 'src/Game/Hand.java', 'src/Game/ThreePlayerController.java', 'src/Game/Turn.java', 'src/Game/TwoPlayerController.java', 'src/Game/table/GameController.java', 'src/accounts.csv', 'src/server/Client.java', 'src/server/ClientConnectionManager.java', 'src/server/FXMLController.java', 'src/server/Lobby.java', 'src/server/Main.java', 'src/server/Network.java', 'src/server/RequestManager.java']	master
BlueKickshaw	2018-03-31 22:34:33	['0fd3d6adbec31399c46df24a04c84fb3dd4e20ec']	network integration supports end of turn, awaiting merge of gamedriver	0faabaaf9a81353c046c9fbfdbb9447000a16361	[10, 19, 3, 39]	[10, 9, 2, 27]	[0, 10, 1, 12]	['src/Game/GameDriver.java', 'src/Game/Turn.java', 'src/server/Network.java', 'src/server/RequestManager.java']	master
BlueKickshaw	2018-03-31 20:08:57	['4479bb1a12e16ec9eee193df279805f3beca65f0']	users send host their card-for-turn when selected	0fd3d6adbec31399c46df24a04c84fb3dd4e20ec	[4, 4, 2, 7, 4, 36, 5, 3, 6, 10, 3, 4, 7, 4, 23]	[3, 3, 0, 3, 3, 32, 3, 2, 6, 10, 3, 3, 7, 4, 23]	[1, 1, 2, 4, 1, 4, 2, 1, 0, 0, 0, 1, 0, 0, 0]	['src/Cards/Card.java', 'src/Game/FourPlayerController.java', 'src/Game/GameDriver.java', 'src/Game/Hand.java', 'src/Game/ThreePlayerController.java', 'src/Game/Turn.java', 'src/Game/TwoPlayerController.java', 'src/Game/table/GameController.java', 'src/accounts.csv', 'src/server/Client.java', 'src/server/FXMLController.java', 'src/server/Lobby.java', 'src/server/Main.java', 'src/server/Network.java', 'src/server/RequestManager.java']	master
BlueKickshaw	2018-03-31 20:06:27	['22ad4c00b2b9d38ed5ef38ecfe6a13300288dcc3']	users send host their card-for-turn when selected	4479bb1a12e16ec9eee193df279805f3beca65f0	[4]	[4]	[0]	['src/Game/table/GameController.java']	master
jon-perry	2018-03-31 00:54:09	['18d3b2052b2ed93219ffe381d314609b1de2ff2a']	runs three rounds real quick	af9f489c0fcb0b001c01a3ac1e73b345bd10cdd3	[62, 4]	[36, 2]	[26, 2]	['src/Game/GameDriver.java', 'src/Game/Turn.java']	master
jon-perry	2018-03-31 00:04:59	['14afb4e6dd0d50d0bc12b9ddb915f92b35ba0e23']	added a while loop to GameDriver run to simulate turns running out =)	18d3b2052b2ed93219ffe381d314609b1de2ff2a	[4]	[2]	[2]	['src/Game/GameDriver.java']	master
jon-perry	2018-03-30 22:51:36	['fbe05e92c3f669ae3de7580e6ddf7d6c049a80cd']	GameDriver progress using XP Waow!	14afb4e6dd0d50d0bc12b9ddb915f92b35ba0e23	[21, 74, 2, 18, 13, 42]	[8, 43, 1, 9, 6, 22]	[13, 31, 1, 9, 7, 20]	['src/Game/FourPlayerController.java', 'src/Game/GameDriver.java', 'src/Game/Player.java', 'src/Game/ThreePlayerController.java', 'src/Game/Turn.java', 'src/Game/TwoPlayerController.java']	master
jon-perry	2018-03-30 21:42:29	['456008db70ee5a00b070f29c919e60dec8d72974']	colin figured out the threading to get the game work started	fbe05e92c3f669ae3de7580e6ddf7d6c049a80cd	[53, 1, 33]	[45, 0, 20]	[8, 1, 13]	['src/Game/GameDriver.java', 'src/Game/Turn.java', 'src/Game/TwoPlayerController.java']	master
BlueKickshaw	2018-03-30 20:40:19	['2dda8b8aa6b71d33d7eccf8fb63a61befaca9573', '3fc1d706c3d13ffb1ea5a4d5d53f44079794decb']	Merge branch 'master' of http://github.com/bluekickshaw/sushigo into connor	22ad4c00b2b9d38ed5ef38ecfe6a13300288dcc3	[39, 40, 2, 2, 42, 21, 18, 40, 53, 71, 7, 71, 5, 59, 16, 23, 0, 24, 4, 0, 0, 0, 0, 0, 0, 0, 0, 0]	[33, 3, 2, 1, 35, 21, 18, 34, 45, 61, 7, 64, 1, 41, 9, 0, 0, 24, 0, 0, 0, 0, 0, 0, 0, 0, 0, 0]	[6, 37, 0, 1, 7, 0, 0, 6, 8, 10, 0, 7, 4, 18, 7, 23, 0, 0, 4, 0, 0, 0, 0, 0, 0, 0, 0, 0]	['src/Game/FourPlayerController.java', 'src/Game/GameDriver.java', 'src/Game/Hand.java', 'src/Game/Main.java', 'src/Game/Player.java', 'src/Game/ThreePlayerController.java', 'src/Game/TwoPlayerController.java', 'src/Game/gameScenes/2PlayerGame.fxml', 'src/Game/gameScenes/3PlayerGame.fxml', 'src/Game/gameScenes/4PlayerGame.fxml', 'src/server/ClientConnectionManager.java', 'src/server/FXMLController.java', 'src/server/Main.java', 'src/server/Network.java', 'src/server/RequestManager.java', 'src/server/scenes/entryScreen.fxml', 'src/server/serverScenes/browserScreen.fxml', 'src/server/serverScenes/entryScreen.fxml', 'src/server/serverScenes/hostLobbyScreen.fxml', 'src/server/serverScenes/hostScreen.fxml', 'src/server/serverScenes/loginScreen.fxml', 'src/server/serverScenes/resources/2000px-Red_x.svg.png', 'src/server/serverScenes/resources/lock.png', 'src/server/serverScenes/resources/sushi.png', 'src/server/serverScenes/resources/sushi_go_logo.jpg', 'src/server/serverScenes/resources/transparent-green-checkmark-hi.png', 'src/server/serverScenes/serverScreen.fxml', 'src/server/serverScenes/welcomeScreen.fxml']	master
Colin-Shaw2	2018-03-30 20:21:55	['f23d90a7cbc834e3a2ee5ca400f27683ab6056b2']	added head player field;worked on with john;	456008db70ee5a00b070f29c919e60dec8d72974	[21, 5]	[17, 3]	[4, 2]	['src/Game/GameDriver.java', 'src/Game/TwoPlayerController.java']	master
jon-perry	2018-03-30 20:00:26	['12b2dfb77142bf55985c8e4b9f5985faba88f9f2']	populating images is now handled by player class	f23d90a7cbc834e3a2ee5ca400f27683ab6056b2	[2, 24, 36]	[1, 24, 4]	[1, 0, 32]	['src/Game/Main.java', 'src/Game/Player.java', 'src/Game/TwoPlayerController.java']	master
Colin-Shaw2	2018-03-30 19:46:57	['f67be5c3cb5c018fbfb2a5cc7b0a6e5da1f1dd22']	moved populateImages to gameDriver class from Contoller;worked on with john;	12b2dfb77142bf55985c8e4b9f5985faba88f9f2	[7, 18, 16]	[7, 18, 1]	[0, 0, 15]	['src/Game/GameDriver.java', 'src/Game/Player.java', 'src/Game/TwoPlayerController.java']	master
Colin-Shaw2	2018-03-30 19:18:10	['46c5080a223f0bee48abaf51c37a2753522d4071']	Added gamedriver field;	f67be5c3cb5c018fbfb2a5cc7b0a6e5da1f1dd22	[3]	[3]	[0]	['src/Game/TwoPlayerController.java']	master
BlueKickshaw	2018-03-30 19:15:51	['bd35e45f45e71d9e4e72db55a8f4dd4ec49a2e3d', 'e86d613270ae07600ee3a9d518f28c9cbe9d0bbd']	Merge branch 'master' of http://github.com/bluekickshaw/sushigo	3fc1d706c3d13ffb1ea5a4d5d53f44079794decb	[39, 40, 2, 2, 42, 21, 18, 40, 53, 71]	[33, 3, 2, 1, 35, 21, 18, 34, 45, 61]	[6, 37, 0, 1, 7, 0, 0, 6, 8, 10]	['src/Game/FourPlayerController.java', 'src/Game/GameDriver.java', 'src/Game/Hand.java', 'src/Game/Main.java', 'src/Game/Player.java', 'src/Game/ThreePlayerController.java', 'src/Game/TwoPlayerController.java', 'src/Game/gameScenes/2PlayerGame.fxml', 'src/Game/gameScenes/3PlayerGame.fxml', 'src/Game/gameScenes/4PlayerGame.fxml']	master
BlueKickshaw	2018-03-30 19:15:09	['81e3f194b48c6fb599452164d160975b5b07d33b']	starting a lobby now pushes all users to a game screen with the proper window size and player size	bd35e45f45e71d9e4e72db55a8f4dd4ec49a2e3d	[7, 57, 3, 59, 12]	[7, 57, 0, 41, 7]	[0, 0, 3, 18, 5]	['src/server/ClientConnectionManager.java', 'src/server/FXMLController.java', 'src/server/Main.java', 'src/server/Network.java', 'src/server/RequestManager.java']	master
Colin-Shaw2	2018-03-30 19:02:03	['e86d613270ae07600ee3a9d518f28c9cbe9d0bbd']	Added a constructor to GameDriver that accepts a vector of players;	46c5080a223f0bee48abaf51c37a2753522d4071	[7]	[7]	[0]	['src/Game/GameDriver.java']	master
jon-perry	2018-03-30 18:54:14	['c53a179b9318b13026b37c6d04c55cba84ab839b']	removed unused player class stuff	e86d613270ae07600ee3a9d518f28c9cbe9d0bbd	[61]	[7]	[54]	['src/Game/Player.java']	jp_InProgressCode
Colin-Shaw2	2018-03-30 18:30:56	['452ade57d5d97ac6ed3643f550b2ecb4d79df15e']	Changed intitalize function in game driver to a constructor;added use chopsticks method;	c53a179b9318b13026b37c6d04c55cba84ab839b	[40, 2, 83]	[3, 2, 79]	[37, 0, 4]	['src/Game/GameDriver.java', 'src/Game/Hand.java', 'src/Game/Player.java']	master
jon-perry	2018-03-30 17:34:46	['81e3f194b48c6fb599452164d160975b5b07d33b']	scoreboard created	452ade57d5d97ac6ed3643f550b2ecb4d79df15e	[39, 2, 21, 18, 40, 53, 71]	[33, 1, 21, 18, 34, 45, 61]	[6, 1, 0, 0, 6, 8, 10]	['src/Game/FourPlayerController.java', 'src/Game/Main.java', 'src/Game/ThreePlayerController.java', 'src/Game/TwoPlayerController.java', 'src/Game/gameScenes/2PlayerGame.fxml', 'src/Game/gameScenes/3PlayerGame.fxml', 'src/Game/gameScenes/4PlayerGame.fxml']	master
BlueKickshaw	2018-03-30 14:46:14	['e667457f4a2049ac3dbdfc8cb6bf10c026c25a26']	changed url scene references to match new resource names	81e3f194b48c6fb599452164d160975b5b07d33b	[14, 4]	[7, 2]	[7, 2]	['src/server/FXMLController.java', 'src/server/RequestManager.java']	master
BlueKickshaw	2018-03-30 14:33:59	['4a98f53ce4315bdd2a7fbe5b904e7cd51481ca93', 'e5fd3b92612701baa35e7ecd34dedb4f078f6577']	Merge branch 'master' of http://github.com/bluekickshaw/sushigo	e667457f4a2049ac3dbdfc8cb6bf10c026c25a26	[0, 0, 0, 2]	[0, 0, 0, 1]	[0, 0, 0, 1]	['src/Game/gameScenes/2PlayerGame.fxml', 'src/Game/gameScenes/3PlayerGame.fxml', 'src/Game/gameScenes/4PlayerGame.fxml', 'src/server/Main.java']	master
BlueKickshaw	2018-03-30 14:33:28	['28dc698d37ec841d6c98fd38c1eb09fc7a698a38']	changing scenes name	4a98f53ce4315bdd2a7fbe5b904e7cd51481ca93	[28, 23, 29, 21, 40, 0, 0, 0, 0, 0, 49, 35]	[0, 0, 0, 0, 0, 0, 0, 0, 0, 0, 0, 0]	[28, 23, 29, 21, 40, 0, 0, 0, 0, 0, 49, 35]	['src/server/scenes/browserScreen.fxml', 'src/server/scenes/entryScreen.fxml', 'src/server/scenes/hostLobbyScreen.fxml', 'src/server/scenes/hostScreen.fxml', 'src/server/scenes/loginScreen.fxml', 'src/server/scenes/resources/2000px-Red_x.svg.png', 'src/server/scenes/resources/lock.png', 'src/server/scenes/resources/sushi.png', 'src/server/scenes/resources/sushi_go_logo.jpg', 'src/server/scenes/resources/transparent-green-checkmark-hi.png', 'src/server/scenes/serverScreen.fxml', 'src/server/scenes/welcomeScreen.fxml']	master
BlueKickshaw	2018-03-30 14:31:22	['caab98d3d15ebb6a8328f9efecf4148071b32381']	changing server scene folder name	28dc698d37ec841d6c98fd38c1eb09fc7a698a38	[28, 24, 25, 21, 40, 0, 0, 0, 0, 0, 49, 35]	[28, 24, 25, 21, 40, 0, 0, 0, 0, 0, 49, 35]	[0, 0, 0, 0, 0, 0, 0, 0, 0, 0, 0, 0]	['src/server/serverScenes/browserScreen.fxml', 'src/server/serverScenes/entryScreen.fxml', 'src/server/serverScenes/hostLobbyScreen.fxml', 'src/server/serverScenes/hostScreen.fxml', 'src/server/serverScenes/loginScreen.fxml', 'src/server/serverScenes/resources/2000px-Red_x.svg.png', 'src/server/serverScenes/resources/lock.png', 'src/server/serverScenes/resources/sushi.png', 'src/server/serverScenes/resources/sushi_go_logo.jpg', 'src/server/serverScenes/resources/transparent-green-checkmark-hi.png', 'src/server/serverScenes/serverScreen.fxml', 'src/server/serverScenes/welcomeScreen.fxml']	master
jon-perry	2018-03-30 02:51:19	['0417412e9d9d30b0c9dedd8f15c570d393b4823c']	testing renamed game scenes folder	e5fd3b92612701baa35e7ecd34dedb4f078f6577	[0, 0, 0]	[0, 0, 0]	[0, 0, 0]	['src/Game/gameScenes/2PlayerGame.fxml', 'src/Game/gameScenes/3PlayerGame.fxml', 'src/Game/gameScenes/4PlayerGame.fxml']	master
BlueKickshaw	2018-03-30 02:37:09	['caab98d3d15ebb6a8328f9efecf4148071b32381']	Update Main.javachanging file names to avoid invocation exception errors	0417412e9d9d30b0c9dedd8f15c570d393b4823c	[2]	[1]	[1]	['src/server/Main.java']	master
BlueKickshaw	2018-03-30 02:33:55	['c87dfbe15666c080da2d9e15d58802520cd62c77', '5b63fdd694d4ea78134a43351668978db00582e3']	Merge branch 'master' of http://github.com/bluekickshaw/sushigo	caab98d3d15ebb6a8328f9efecf4148071b32381	[9, 2, 356, 16, 338, 284, 367, 10]	[1, 1, 356, 14, 338, 284, 367, 0]	[8, 1, 0, 2, 0, 0, 0, 10]	['src/Game/FourPlayerController.java', 'src/Game/Main.java', 'src/Game/ThreePlayerController.java', 'src/Game/Turn.java', 'src/Game/TwoPlayerController.java', 'src/Game/scenes/2PlayerGame.fxml', 'src/Game/scenes/3PlayerGame.fxml', 'src/Game/scenes/4PlayerGame.fxml']	master
BlueKickshaw	2018-03-30 02:32:14	['c87dfbe15666c080da2d9e15d58802520cd62c77', '5b63fdd694d4ea78134a43351668978db00582e3']	Merge branch 'master' of http://github.com/bluekickshaw/sushigo into connor	2dda8b8aa6b71d33d7eccf8fb63a61befaca9573	[9, 2, 356, 16, 338, 284, 367, 10]	[1, 1, 356, 14, 338, 284, 367, 0]	[8, 1, 0, 2, 0, 0, 0, 10]	['src/Game/FourPlayerController.java', 'src/Game/Main.java', 'src/Game/ThreePlayerController.java', 'src/Game/Turn.java', 'src/Game/TwoPlayerController.java', 'src/Game/scenes/2PlayerGame.fxml', 'src/Game/scenes/3PlayerGame.fxml', 'src/Game/scenes/4PlayerGame.fxml']	master
jon-perry	2018-03-29 22:04:14	['b3f6fd31fa624d8f6d47fbcda062f7082baa390b']	UI fixed to show 9 cards for top and bottom players	5b63fdd694d4ea78134a43351668978db00582e3	[68]	[43]	[25]	['src/Game/scenes/3PlayerGame.fxml']	master
jon-perry	2018-03-29 21:40:29	['00fab82df36df33d9b495e1dbb72626ea0cf4f74']	all player UIs setup and working	b3f6fd31fa624d8f6d47fbcda062f7082baa390b	[2, 356, 8, 349]	[1, 356, 4, 349]	[1, 0, 4, 0]	['src/Game/Main.java', 'src/Game/ThreePlayerController.java', 'src/Game/scenes/2PlayerGame.fxml', 'src/Game/scenes/3PlayerGame.fxml']	master
jon-perry	2018-03-29 21:13:44	['3bf64313d50f763c35e9b0c4447e9491b5d0179f']	Two player finished, had to rework turn to take in ImageViews in order ot properly disable buttons. disabling buttons is no longer apart of a controller and is handled by turn	00fab82df36df33d9b495e1dbb72626ea0cf4f74	[9, 2, 16, 338, 284]	[1, 1, 14, 338, 284]	[8, 1, 2, 0, 0]	['src/Game/FourPlayerController.java', 'src/Game/Main.java', 'src/Game/Turn.java', 'src/Game/TwoPlayerController.java', 'src/Game/scenes/2PlayerGame.fxml']	master
BlueKickshaw	2018-03-29 20:21:11	['4084fba2f22d42a426f34beff4173995fdfd3726', 'b4e43e49e9e1fae94ae89e14438e1c11034ec8ac']	Merge branch 'master' into connor	c87dfbe15666c080da2d9e15d58802520cd62c77	[6, 2, 2, 2, 4, 2, 2, 2, 2, 2, 2, 2, 2, 0, 0, 0, 0, 0, 0, 0, 0, 0, 0, 0, 0, 0, 0, 381, 47, 17, 25, 59, 35, 452, 2]	[3, 1, 1, 1, 1, 1, 1, 1, 1, 1, 1, 1, 1, 0, 0, 0, 0, 0, 0, 0, 0, 0, 0, 0, 0, 0, 0, 381, 28, 8, 25, 15, 35, 452, 1]	[3, 1, 1, 1, 3, 1, 1, 1, 1, 1, 1, 1, 1, 0, 0, 0, 0, 0, 0, 0, 0, 0, 0, 0, 0, 0, 0, 0, 19, 9, 0, 44, 0, 0, 1]	['src/Cards/Card.java', 'src/Cards/Chopsticks.java', 'src/Cards/Dumpling.java', 'src/Cards/EggNigiri.java', 'src/Cards/MakiRoll1.java', 'src/Cards/MakiRoll2.java', 'src/Cards/MakiRoll3.java', 'src/Cards/Pudding.java', 'src/Cards/SalmonNigiri.java', 'src/Cards/Sashimi.java', 'src/Cards/SquidNigiri.java', 'src/Cards/Tempura.java', 'src/Cards/Wasabi.java', 'src/Game/CardImages/Cardback.jpg', 'src/Game/CardImages/Cardback_Rotated.jpg', 'src/Game/CardImages/Chopsticks.jpg', 'src/Game/CardImages/Dumpling.jpg', 'src/Game/CardImages/Egg_Nigiri.jpg', 'src/Game/CardImages/Maki_Roll_1.jpg', 'src/Game/CardImages/Maki_Roll_2.jpg', 'src/Game/CardImages/Maki_Roll_3.jpg', 'src/Game/CardImages/Pudding.jpg', 'src/Game/CardImages/Salmon_Nigiri.jpg', 'src/Game/CardImages/Sashimi.jpg', 'src/Game/CardImages/Squid_Nigiri.jpg', 'src/Game/CardImages/Tempura.jpg', 'src/Game/CardImages/Wasabi.jpg', 'src/Game/FourPlayerController.java', 'src/Game/GameDriver.java', 'src/Game/Hand.java', 'src/Game/Main.java', 'src/Game/Player.java', 'src/Game/Turn.java', 'src/Game/scenes/4PlayerGame.fxml', 'src/Game/table/gameTable.fxml']	master
jon-perry	2018-03-29 20:16:11	['b4e43e49e9e1fae94ae89e14438e1c11034ec8ac']	removed some fxml panes that were not needed	3bf64313d50f763c35e9b0c4447e9491b5d0179f	[10]	[0]	[10]	['src/Game/scenes/4PlayerGame.fxml']	master
jon-perry	2018-03-29 19:56:42	['0e74fea0eb44342629664d4f0e02976bfe4c00d2']	4player UI done, buttons left until everything put together	b4e43e49e9e1fae94ae89e14438e1c11034ec8ac	[275, 325]	[174, 228]	[101, 97]	['src/Game/FourPlayerController.java', 'src/Game/scenes/4PlayerGame.fxml']	master
jon-perry	2018-03-29 18:21:59	['fd2a9b6aa62fb1108e674b5a52f221e34cd8d8a4']	UI finished for populating player cards hands. Removed enableButtons and just enabled them when the image is set in next round	0e74fea0eb44342629664d4f0e02976bfe4c00d2	[10]	[1]	[9]	['src/Game/FourPlayerController.java']	master
jon-perry	2018-03-29 17:30:01	['e8e2f326674309c5e4c159a2a58b28e0a4f786ef']	UI updating correctly for all players (cardbacks), also added a rotated cardback image to CardImages	fd2a9b6aa62fb1108e674b5a52f221e34cd8d8a4	[0, 132, 136]	[0, 114, 108]	[0, 18, 28]	['src/Game/CardImages/Cardback_Rotated.jpg', 'src/Game/FourPlayerController.java', 'src/Game/scenes/4PlayerGame.fxml']	master
jon-perry	2018-03-29 16:02:03	['4973137f072c7d8ca6ef831e1aade2e4a8192498', 'b332751c74fad5c6c82fed0b1a9d78f438f3b5ff']	Merge branch 'jp_inProgressCode'# Conflicts:#src/Game/GameDriver.java#src/Game/Hand.java	e8e2f326674309c5e4c159a2a58b28e0a4f786ef	[6, 2, 2, 2, 4, 2, 2, 2, 2, 2, 2, 2, 2, 0, 0, 0, 0, 0, 0, 0, 0, 0, 0, 0, 0, 0, 220, 17, 25, 59, 35, 241, 2]	[3, 1, 1, 1, 1, 1, 1, 1, 1, 1, 1, 1, 1, 0, 0, 0, 0, 0, 0, 0, 0, 0, 0, 0, 0, 0, 220, 8, 25, 15, 35, 241, 1]	[3, 1, 1, 1, 3, 1, 1, 1, 1, 1, 1, 1, 1, 0, 0, 0, 0, 0, 0, 0, 0, 0, 0, 0, 0, 0, 0, 9, 0, 44, 0, 0, 1]	['src/Cards/Card.java', 'src/Cards/Chopsticks.java', 'src/Cards/Dumpling.java', 'src/Cards/EggNigiri.java', 'src/Cards/MakiRoll1.java', 'src/Cards/MakiRoll2.java', 'src/Cards/MakiRoll3.java', 'src/Cards/Pudding.java', 'src/Cards/SalmonNigiri.java', 'src/Cards/Sashimi.java', 'src/Cards/SquidNigiri.java', 'src/Cards/Tempura.java', 'src/Cards/Wasabi.java', 'src/Game/CardImages/Cardback.jpg', 'src/Game/CardImages/Chopsticks.jpg', 'src/Game/CardImages/Dumpling.jpg', 'src/Game/CardImages/Egg_Nigiri.jpg', 'src/Game/CardImages/Maki_Roll_1.jpg', 'src/Game/CardImages/Maki_Roll_2.jpg', 'src/Game/CardImages/Maki_Roll_3.jpg', 'src/Game/CardImages/Pudding.jpg', 'src/Game/CardImages/Salmon_Nigiri.jpg', 'src/Game/CardImages/Sashimi.jpg', 'src/Game/CardImages/Squid_Nigiri.jpg', 'src/Game/CardImages/Tempura.jpg', 'src/Game/CardImages/Wasabi.jpg', 'src/Game/FourPlayerController.java', 'src/Game/Hand.java', 'src/Game/Main.java', 'src/Game/Player.java', 'src/Game/Turn.java', 'src/Game/scenes/4PlayerGame.fxml', 'src/Game/table/gameTable.fxml']	master
jon-perry	2018-03-29 15:03:09	['7416ce996a3e6e2082c6b76b5938769921486083']	turn and increment round button combined, UI subtle upate	b332751c74fad5c6c82fed0b1a9d78f438f3b5ff	[5, 9]	[2, 4]	[3, 5]	['src/Game/FourPlayerController.java', 'src/Game/scenes/4PlayerGame.fxml']	master
jon-perry	2018-03-29 14:46:30	['f048c0ed31dab7ab3848978007db2a48f062a6a5']	player turn updated to disable button in turn, both when card is selected and autoselected, (used static variable for primary players imageviews to achieve this, some update to planned UI layout for showing chosen cards on table	7416ce996a3e6e2082c6b76b5938769921486083	[20, 22, 101]	[10, 13, 52]	[10, 9, 49]	['src/Game/FourPlayerController.java', 'src/Game/Turn.java', 'src/Game/scenes/4PlayerGame.fxml']	master
jon-perry	2018-03-29 04:49:17	['c88fd7b4c8f1f63873b83a41eee68a93271ddbea']	made cardsPicked volatile to solve while loop issue	f048c0ed31dab7ab3848978007db2a48f062a6a5	[4, 3]	[2, 1]	[2, 2]	['src/Game/Player.java', 'src/Game/Turn.java']	master
jon-perry	2018-03-29 03:22:05	['65d6fc7126337863ced68f7f17fe35d583f22a6e']	turn is working for the most part. Not sure why, but it seems to need a System.out.println in order to function properly	c88fd7b4c8f1f63873b83a41eee68a93271ddbea	[80, 11, 33, 2]	[29, 11, 16, 1]	[51, 0, 17, 1]	['src/Game/FourPlayerController.java', 'src/Game/Player.java', 'src/Game/Turn.java', 'src/Game/scenes/4PlayerGame.fxml']	master
BlueKickshaw	2018-03-29 02:08:34	['cdd14830e0f151250bab06e92b2c36f10743819d']	host migration supported; #TODO: Send the user to the game stage	4084fba2f22d42a426f34beff4173995fdfd3726	[3, 5, 5, 23, 31]	[3, 3, 3, 18, 21]	[0, 2, 2, 5, 10]	['src/server/ClientConnectionManager.java', 'src/server/Lobby.java', 'src/server/LobbyManager.java', 'src/server/Network.java', 'src/server/RequestManager.java']	master
jon-perry	2018-03-28 23:44:18	['8c1f998002bae80c10e68e2f4f6087e0ef2b1c69']	UI updated to use EventHandlers so turn thread can work properly. Turn still work in progress	65d6fc7126337863ced68f7f17fe35d583f22a6e	[321, 77, 21, 10]	[157, 1, 13, 1]	[164, 76, 8, 9]	['src/Game/FourPlayerController.java', 'src/Game/Player.java', 'src/Game/Turn.java', 'src/Game/scenes/4PlayerGame.fxml']	master
jon-perry	2018-03-28 19:33:03	['f07d8825c03c3d4b472b206ed38a1db9efb8160d']	more work on turn	8c1f998002bae80c10e68e2f4f6087e0ef2b1c69	[24, 2, 7]	[11, 2, 6]	[13, 0, 1]	['src/Game/FourPlayerController.java', 'src/Game/Player.java', 'src/Game/Turn.java']	master
Colin-Shaw2	2018-03-28 19:20:07	['cb91c3bdca2d92a27aa859fe5c5e0514c5e483dc']	made everything in game driver not static so you can havae more than one game at once;	4973137f072c7d8ca6ef831e1aade2e4a8192498	[47]	[28]	[19]	['src/Game/GameDriver.java']	master
jon-perry	2018-03-28 18:45:22	['9c5b859110367a561ebe481070a6f2d115919d39']	created Turn class to perhaps handle UI freezing	f07d8825c03c3d4b472b206ed38a1db9efb8160d	[10, 23]	[2, 23]	[8, 0]	['src/Game/FourPlayerController.java', 'src/Game/Turn.java']	master
jon-perry	2018-03-28 17:44:52	['e307557d75aaa0ee2607c96e93f7e68305954bdd']	primaryPlayer hand populated each round with ability to select card and confirm card selection	9c5b859110367a561ebe481070a6f2d115919d39	[168, 10, 7]	[138, 1, 4]	[30, 9, 3]	['src/Game/FourPlayerController.java', 'src/Game/Main.java', 'src/Game/scenes/4PlayerGame.fxml']	master
BlueKickshaw	2018-03-28 12:56:22	['7922391f9a0b78012f5db6a84dc756f6425822e7', 'cb91c3bdca2d92a27aa859fe5c5e0514c5e483dc']	Merge branch 'master' of http://github.com/bluekickshaw/sushigo into connor	cdd14830e0f151250bab06e92b2c36f10743819d	[6, 8, 152, 37, 197, 12]	[5, 4, 102, 21, 153, 0]	[1, 4, 50, 16, 44, 12]	['.gitignore', 'src/Game/Deck.java', 'src/Game/GameDriver.java', 'src/Game/Hand.java', 'src/Game/Player.java', 'sushiGo.iml']	master
BlueKickshaw	2018-03-28 12:54:40	['3e6d2a9a2b402027d874c1db21a3cf9a0e2ee1fb']	broadcasting to lobby functionality now messages correctly	7922391f9a0b78012f5db6a84dc756f6425822e7	[1, 31, 20, 83, 3, 3, 45, 2]	[1, 23, 18, 63, 3, 2, 16, 1]	[0, 8, 2, 20, 0, 1, 29, 1]	['src/server/ClientConnectionManager.java', 'src/server/FXMLController.java', 'src/server/Network.java', 'src/server/RequestManager.java', 'src/server/Server.java', 'src/server/scenes/hostLobbyScreen.fxml', 'src/server/scenes/loginScreen.fxml', 'src/server/scenes/welcomeScreen.fxml']	master
jon-perry	2018-03-28 03:57:58	['38d96eb290803610cbfb9b915b40d0268c1b34ad', 'fcad5e0cf43ddfcebe976f9825a8cb4794aed749']	Merge branch 'jp_inProgressCode' of https://github.com/BlueKickshaw/sushiGo into jp_inProgressCode# Conflicts:#src/Game/scenes/4PlayerGame.fxml	e307557d75aaa0ee2607c96e93f7e68305954bdd	[]	[]	[]	[]	master
jon-perry	2018-03-28 03:55:06	['1df78f87d2eb29c69126101e9448b6d91787036e']	moved cards, make abstract function in card getImagePath for polymorphism, fourplayercontroller can populate playerHand based on cards drawn, buttons disabled after next round starts, probably more	38d96eb290803610cbfb9b915b40d0268c1b34ad	[6, 2, 2, 2, 4, 2, 2, 2, 2, 2, 2, 2, 2, 0, 0, 0, 0, 0, 0, 0, 0, 0, 0, 0, 0, 0, 150, 33, 17, 33, 67, 59, 2]	[3, 1, 1, 1, 1, 1, 1, 1, 1, 1, 1, 1, 1, 0, 0, 0, 0, 0, 0, 0, 0, 0, 0, 0, 0, 0, 150, 0, 8, 33, 50, 48, 1]	[3, 1, 1, 1, 3, 1, 1, 1, 1, 1, 1, 1, 1, 0, 0, 0, 0, 0, 0, 0, 0, 0, 0, 0, 0, 0, 0, 33, 9, 0, 17, 11, 1]	['src/Cards/Card.java', 'src/Cards/Chopsticks.java', 'src/Cards/Dumpling.java', 'src/Cards/EggNigiri.java', 'src/Cards/MakiRoll1.java', 'src/Cards/MakiRoll2.java', 'src/Cards/MakiRoll3.java', 'src/Cards/Pudding.java', 'src/Cards/SalmonNigiri.java', 'src/Cards/Sashimi.java', 'src/Cards/SquidNigiri.java', 'src/Cards/Tempura.java', 'src/Cards/Wasabi.java', 'src/Game/CardImages/Cardback.jpg', 'src/Game/CardImages/Chopsticks.jpg', 'src/Game/CardImages/Dumpling.jpg', 'src/Game/CardImages/Egg_Nigiri.jpg', 'src/Game/CardImages/Maki_Roll_1.jpg', 'src/Game/CardImages/Maki_Roll_2.jpg', 'src/Game/CardImages/Maki_Roll_3.jpg', 'src/Game/CardImages/Pudding.jpg', 'src/Game/CardImages/Salmon_Nigiri.jpg', 'src/Game/CardImages/Sashimi.jpg', 'src/Game/CardImages/Squid_Nigiri.jpg', 'src/Game/CardImages/Tempura.jpg', 'src/Game/CardImages/Wasabi.jpg', 'src/Game/FourPlayerController.java', 'src/Game/GameDriver.java', 'src/Game/Hand.java', 'src/Game/Main.java', 'src/Game/Player.java', 'src/Game/scenes/4PlayerGame.fxml', 'src/Game/table/gameTable.fxml']	master
jon-perry	2018-03-27 19:00:10	['4d50a8a9d2fd7fc32c132d361734e558e51d454f', '076493437f4e10ad921f9ce9bf13076b4d3a84cc']	Merge branch 'jp_inProgressCode' of https://github.com/BlueKickshaw/sushiGo into jp_inProgressCode	fcad5e0cf43ddfcebe976f9825a8cb4794aed749	[8, 9, 25, 34]	[4, 6, 25, 25]	[4, 3, 0, 9]	['src/Game/Deck.java', 'src/Game/GameDriver.java', 'src/Game/Hand.java', 'src/Game/Player.java']	master
jon-perry	2018-03-27 18:57:14	['ffb5dc388c8a015efc9f8ef367c7411f9a7d106e']	preliminary game UI for 4 players	4d50a8a9d2fd7fc32c132d361734e558e51d454f	[209]	[209]	[0]	['src/Game/scenes/4PlayerGame.fxml']	master
jon-perry	2018-03-27 18:53:54	['9334a0191210ae18946ee6244811cd44955fab80']	preliminary 4player game UI	1df78f87d2eb29c69126101e9448b6d91787036e	[209]	[209]	[0]	['src/Game/scenes/4PlayerGame.fxml']	master
Colin-Shaw2	2018-03-27 17:42:13	['9334a0191210ae18946ee6244811cd44955fab80']	made variable in gameDriver Static;fixed initialize and startOfRound;	cb91c3bdca2d92a27aa859fe5c5e0514c5e483dc	[65, 4, 11]	[28, 4, 7]	[37, 0, 4]	['src/Game/GameDriver.java', 'src/Game/Hand.java', 'src/Game/Player.java']	master
jon-perry	2018-03-27 17:20:40	['19f6984d07c264ae8ba3b1c7c9a1be48bd251cf1', '185d1dbcef1cc8c964f8d2d126c07d26f2b7c820']	Merge branch 'master' of https://github.com/BlueKickshaw/sushiGo	9334a0191210ae18946ee6244811cd44955fab80	[59, 10]	[29, 10]	[30, 0]	['src/Game/GameDriver.java', 'src/Game/Player.java']	master
jon-perry	2018-03-27 17:19:30	['836b4da03dc4a37c26922a66eef98be71670673a']	deleted .iml - may have to set your src/out/JDK again	19f6984d07c264ae8ba3b1c7c9a1be48bd251cf1	[11]	[0]	[11]	['sushiGo.iml']	master
Colin-Shaw2	2018-03-27 17:01:55	['836b4da03dc4a37c26922a66eef98be71670673a']	made initialilze and roundStart functions;changed Player Constructor;	185d1dbcef1cc8c964f8d2d126c07d26f2b7c820	[59, 10]	[29, 10]	[30, 0]	['src/Game/GameDriver.java', 'src/Game/Player.java']	master
Colin-Shaw2	2018-03-27 16:07:30	['6256e99a5077d836768356b407909ef05e7953e5']	made a default choosecard function for if a player does not pick a card in time;	836b4da03dc4a37c26922a66eef98be71670673a	[9, 135]	[6, 113]	[3, 22]	['src/Game/GameDriver.java', 'src/Game/Player.java']	master
jon-perry	2018-03-27 15:49:09	['af8dee66053b05625e0d6ffef4483e079c89d85c', '076493437f4e10ad921f9ce9bf13076b4d3a84cc']	Merge branch 'jp_inProgressCode'# Conflicts:#src/Game/GameDriver.java#src/Game/Hand.java#src/Game/Player.java	6256e99a5077d836768356b407909ef05e7953e5	[8, 35, 189]	[4, 18, 73]	[4, 17, 116]	['src/Game/Deck.java', 'src/Game/Hand.java', 'src/Game/Player.java']	master
jon-perry	2018-03-27 15:38:35	['a89c1545647f8220270cba3bf30c108e2ccb1a39', '7027827141155a79a95658c1151b0b9b2141208c']	Merge branch 'master' of https://github.com/BlueKickshaw/sushiGo	af8dee66053b05625e0d6ffef4483e079c89d85c	[4, 36]	[3, 28]	[1, 8]	['src/Game/GameDriver.java', 'src/Game/Player.java']	master
jon-perry	2018-03-27 15:36:49	['cdc80c3d1c639ca725938909d6bcc4aeb008c325']	gitignore updated	a89c1545647f8220270cba3bf30c108e2ccb1a39	[6]	[5]	[1]	['.gitignore']	master
Colin-Shaw2	2018-03-27 15:33:55	['cdc80c3d1c639ca725938909d6bcc4aeb008c325']	updated calculate points to update dumpling and maki counts;	7027827141155a79a95658c1151b0b9b2141208c	[4, 36]	[3, 28]	[1, 8]	['src/Game/GameDriver.java', 'src/Game/Player.java']	master
jon-perry	2018-03-27 15:28:19	['ffb5dc388c8a015efc9f8ef367c7411f9a7d106e']	deck and hand working / some player stuff changed	076493437f4e10ad921f9ce9bf13076b4d3a84cc	[8, 9, 25, 34]	[4, 6, 25, 25]	[4, 3, 0, 9]	['src/Game/Deck.java', 'src/Game/GameDriver.java', 'src/Game/Hand.java', 'src/Game/Player.java']	master
Colin-Shaw2	2018-03-27 14:59:04	['8429d2b9d1247f31da6a870cffe198aa912860b8']	updated calculate poipnts and made it static;made calculatePuddingPoints add to round points not total points;added updatePuddingCount, addRoundPointsToTotal andclearRoundPoints toPlayer class;	cdc80c3d1c639ca725938909d6bcc4aeb008c325	[43, 27]	[28, 21]	[15, 6]	['src/Game/GameDriver.java', 'src/Game/Player.java']	master
Colin-Shaw2	2018-03-27 14:21:36	['3e6d2a9a2b402027d874c1db21a3cf9a0e2ee1fb']	added calculatepuddingpoints as static metod to game driver and added calculate wasabi points to player class	8429d2b9d1247f31da6a870cffe198aa912860b8	[66, 85, 7]	[55, 49, 3]	[11, 36, 4]	['src/Game/GameDriver.java', 'src/Game/Player.java', 'sushiGo.iml']	master
BlueKickshaw	2018-03-27 04:44:23	['7184888a125b17f91ee1d1ba260b427d8ec35011', '1a3947976e56a3ce433450346e5661c133eea141']	Merge branch 'master' of http://github.com/bluekickshaw/sushigo	3e6d2a9a2b402027d874c1db21a3cf9a0e2ee1fb	[63, 61]	[15, 16]	[48, 45]	['src/Game/GameDriver.java', 'src/Game/Player.java']	master
BlueKickshaw	2018-03-27 04:44:08	['678a90a632ceb9c288b1fc21e0f80d011e717217']	No longer crashes the server when a user enters the wrong password for a lobby; the network now can easily purge an input stream in the event that data needs to be disregarded after a certain message	7184888a125b17f91ee1d1ba260b427d8ec35011	[14, 1, 3]	[14, 1, 0]	[0, 0, 3]	['src/server/Network.java', 'src/server/RequestManager.java', 'src/server/scenes/entryScreen.fxml']	master
Colin-Shaw2	2018-03-27 04:31:15	['ca4e5423e9d58a112eca2f3ae570c365b73d82e8', '678a90a632ceb9c288b1fc21e0f80d011e717217']	Merge branch 'master' of https://github.com/BlueKickshaw/sushiGo	1a3947976e56a3ce433450346e5661c133eea141	[13, 7, 78, 4, 55, 10]	[13, 1, 69, 3, 29, 5]	[0, 6, 9, 1, 26, 5]	['src/server/Client.java', 'src/server/ClientConnectionManager.java', 'src/server/FXMLController.java', 'src/server/Main.java', 'src/server/RequestManager.java', 'src/server/scenes/hostLobbyScreen.fxml']	master
Colin-Shaw2	2018-03-27 04:27:08	['c31695b173da578a5ea89e17aeb54ef148f2abea']	Added calculateSashimi and calculateTempura to Player class	ca4e5423e9d58a112eca2f3ae570c365b73d82e8	[63, 61]	[15, 16]	[48, 45]	['src/Game/GameDriver.java', 'src/Game/Player.java']	master
BlueKickshaw	2018-03-27 04:15:09	['2543fd0382b5fd4a2495059ce463c259ef39b200', 'c31695b173da578a5ea89e17aeb54ef148f2abea']	Merge branch 'master' of http://github.com/bluekickshaw/sushigo	678a90a632ceb9c288b1fc21e0f80d011e717217	[3, 15, 23, 2, 9, 5, 7, 9, 8, 125, 6, 912, 8, 9, 256, 0, 0, 0, 0, 0, 0, 0, 0, 0, 0, 0, 0, 0, 0, 32, 0, 0, 0, 0, 0, 0, 0, 0, 0, 0, 0, 0, 0, 0, 0, 0, 8, 8, 26, 20, 53, 0, 0, 32, 35, 28, 26, 28, 21, 53, 0, 0, 0, 0, 0, 49, 35, 8, 9, 256, 4, 4, 4, 4, 10, 7, 4, 4, 4, 4, 4, 4, 4, 59, 7, 89]	[3, 0, 0, 0, 0, 0, 0, 0, 0, 0, 0, 0, 0, 0, 0, 0, 0, 0, 0, 0, 0, 0, 0, 0, 0, 0, 0, 0, 0, 0, 0, 0, 0, 0, 0, 0, 0, 0, 0, 0, 0, 0, 0, 0, 0, 0, 0, 0, 0, 0, 0, 0, 0, 0, 0, 0, 0, 0, 0, 0, 0, 0, 0, 0, 0, 0, 0, 0, 0, 0, 4, 4, 4, 4, 10, 7, 4, 4, 4, 4, 4, 4, 4, 37, 6, 83]	[0, 15, 23, 2, 9, 5, 7, 9, 8, 125, 6, 912, 8, 9, 256, 0, 0, 0, 0, 0, 0, 0, 0, 0, 0, 0, 0, 0, 0, 32, 0, 0, 0, 0, 0, 0, 0, 0, 0, 0, 0, 0, 0, 0, 0, 0, 8, 8, 26, 20, 53, 0, 0, 32, 35, 28, 26, 28, 21, 53, 0, 0, 0, 0, 0, 49, 35, 8, 9, 256, 0, 0, 0, 0, 0, 0, 0, 0, 0, 0, 0, 0, 0, 22, 1, 6]	['.gitignore', '.idea/artifacts/JavaFXApp.xml', '.idea/compiler.xml', '.idea/description.html', '.idea/dictionaries/100628526.xml', '.idea/encodings.xml', '.idea/gradle.xml', '.idea/misc.xml', '.idea/modules.xml', '.idea/uiDesigner.xml', '.idea/vcs.xml', '.idea/workspace.xml', 'out/production/sushiGo/.idea/modules.xml', 'out/production/sushiGo/.idea/src.iml', 'out/production/sushiGo/.idea/workspace.xml', 'out/production/sushiGo/CardImages/Cardback.jpg', 'out/production/sushiGo/CardImages/Chopsticks.jpg', 'out/production/sushiGo/CardImages/Dumpling.jpg', 'out/production/sushiGo/CardImages/Egg_Nigiri.jpg', 'out/production/sushiGo/CardImages/Maki_Roll_1.jpg', 'out/production/sushiGo/CardImages/Maki_Roll_2.jpg', 'out/production/sushiGo/CardImages/Maki_Roll_3.jpg', 'out/production/sushiGo/CardImages/Pudding.jpg', 'out/production/sushiGo/CardImages/Salmon_Nigiri.jpg', 'out/production/sushiGo/CardImages/Sashimi.jpg', 'out/production/sushiGo/CardImages/Squid_Nigiri.jpg', 'out/production/sushiGo/CardImages/Tempura.jpg', 'out/production/sushiGo/CardImages/Wasabi.jpg', 'out/production/sushiGo/Game/table/brick.jpg', 'out/production/sushiGo/Game/table/gameTable.fxml', 'out/production/sushiGo/Game/table/shadow.jpeg', 'out/production/sushiGo/Game/table/velvet.jpg', 'out/production/sushiGo/Game/table/wood.jpg', 'out/production/sushiGo/sample/CardImages/Cardback.jpg', 'out/production/sushiGo/sample/CardImages/Chopsticks.jpg', 'out/production/sushiGo/sample/CardImages/Dumpling.jpg', 'out/production/sushiGo/sample/CardImages/Egg_Nigiri.jpg', 'out/production/sushiGo/sample/CardImages/Maki_Roll_1.jpg', 'out/production/sushiGo/sample/CardImages/Maki_Roll_2.jpg', 'out/production/sushiGo/sample/CardImages/Maki_Roll_3.jpg', 'out/production/sushiGo/sample/CardImages/Pudding.jpg', 'out/production/sushiGo/sample/CardImages/Salmon_Nigiri.jpg', 'out/production/sushiGo/sample/CardImages/Sashimi.jpg', 'out/production/sushiGo/sample/CardImages/Squid_Nigiri.jpg', 'out/production/sushiGo/sample/CardImages/Tempura.jpg', 'out/production/sushiGo/sample/CardImages/Wasabi.jpg', 'out/production/sushiGo/sample/sample.fxml', 'out/production/sushiGo/sample/server/sample.fxml', 'out/production/sushiGo/sample/server/scenes/entryScreen.fxml', 'out/production/sushiGo/sample/server/scenes/hostScreen.fxml', 'out/production/sushiGo/sample/server/scenes/loginScreen.fxml', 'out/production/sushiGo/sample/server/scenes/resources/sushi.png', 'out/production/sushiGo/sample/server/scenes/resources/sushi_go_logo.jpg', 'out/production/sushiGo/sample/server/scenes/serverScreen.fxml', 'out/production/sushiGo/sample/server/scenes/welcomeScreen.fxml', 'out/production/sushiGo/server/scenes/browserScreen.fxml', 'out/production/sushiGo/server/scenes/entryScreen.fxml', 'out/production/sushiGo/server/scenes/hostLobbyScreen.fxml', 'out/production/sushiGo/server/scenes/hostScreen.fxml', 'out/production/sushiGo/server/scenes/loginScreen.fxml', 'out/production/sushiGo/server/scenes/resources/2000px-Red_x.svg.png', 'out/production/sushiGo/server/scenes/resources/lock.png', 'out/production/sushiGo/server/scenes/resources/sushi.png', 'out/production/sushiGo/server/scenes/resources/sushi_go_logo.jpg', 'out/production/sushiGo/server/scenes/resources/transparent-green-checkmark-hi.png', 'out/production/sushiGo/server/scenes/serverScreen.fxml', 'out/production/sushiGo/server/scenes/welcomeScreen.fxml', 'src/.idea/modules.xml', 'src/.idea/src.iml', 'src/.idea/workspace.xml', 'src/Cards/Card.java', 'src/Cards/Chopsticks.java', 'src/Cards/Dumpling.java', 'src/Cards/EggNigiri.java', 'src/Cards/MakiRoll1.java', 'src/Cards/MakiRoll2.java', 'src/Cards/MakiRoll3.java', 'src/Cards/Pudding.java', 'src/Cards/SalmonNigiri.java', 'src/Cards/Sashimi.java', 'src/Cards/SquidNigiri.java', 'src/Cards/Tempura.java', 'src/Cards/Wasabi.java', 'src/Game/GameDriver.java', 'src/Game/Hand.java', 'src/Game/Player.java']	master
Colin-Shaw2	2018-03-27 04:07:52	['6cb2265d194429184115e0147825ddc9941ce635']	Added calculateNigiriPoints to player Class	c31695b173da578a5ea89e17aeb54ef148f2abea	[112, 6, 204]	[97, 5, 105]	[15, 1, 99]	['src/Game/GameDriver.java', 'src/Game/Hand.java', 'src/Game/Player.java']	master
BlueKickshaw	2018-03-27 04:07:35	['0420f91801c0009a13e4da2cdd430b50fc24325e']	lobby displays the users in the lobby; each user has a reference to the lobby they are in	2543fd0382b5fd4a2495059ce463c259ef39b200	[13, 7, 78, 4, 55, 10]	[13, 1, 69, 3, 29, 5]	[0, 6, 9, 1, 26, 5]	['src/server/Client.java', 'src/server/ClientConnectionManager.java', 'src/server/FXMLController.java', 'src/server/Main.java', 'src/server/RequestManager.java', 'src/server/scenes/hostLobbyScreen.fxml']	master
Colin-Shaw2	2018-03-27 03:33:53	['4e12b29c84c3b6c1b2d8b898b2e4f35f610deecc']	added default constructor to all cards	6cb2265d194429184115e0147825ddc9941ce635	[4, 4, 4, 4, 10, 7, 4, 4, 4, 4, 4, 4, 4]	[4, 4, 4, 4, 10, 7, 4, 4, 4, 4, 4, 4, 4]	[0, 0, 0, 0, 0, 0, 0, 0, 0, 0, 0, 0, 0]	['src/Cards/Card.java', 'src/Cards/Chopsticks.java', 'src/Cards/Dumpling.java', 'src/Cards/EggNigiri.java', 'src/Cards/MakiRoll1.java', 'src/Cards/MakiRoll2.java', 'src/Cards/MakiRoll3.java', 'src/Cards/Pudding.java', 'src/Cards/SalmonNigiri.java', 'src/Cards/Sashimi.java', 'src/Cards/SquidNigiri.java', 'src/Cards/Tempura.java', 'src/Cards/Wasabi.java']	master
jon-perry	2018-03-27 03:23:35	['4885d6485a896324dd3cd87cb7c313d58eccd0b3']	1	ffb5dc388c8a015efc9f8ef367c7411f9a7d106e	[4, 16]	[0, 8]	[4, 8]	['src/Game/Hand.java', 'src/Game/Player.java']	master
Colin-Shaw2	2018-03-27 03:23:10	['27b1c18516357d29032731a49003ad176ef9eeb8', '5c58d26bdfee8401474edf7e7b68887c30af13c9']	Merge remote-tracking branch 'origin/master'# Conflicts:#.idea/dictionaries/100628526.xml#.idea/workspace.xml	4e12b29c84c3b6c1b2d8b898b2e4f35f610deecc	[3, 15, 23, 2, 10, 5, 7, 9, 8, 125, 6, 898, 8, 9, 256, 0, 0, 0, 0, 0, 0, 0, 0, 0, 0, 0, 0, 0, 0, 32, 0, 0, 0, 0, 0, 0, 0, 0, 0, 0, 0, 0, 0, 0, 0, 0, 8, 8, 26, 20, 53, 0, 0, 32, 35, 28, 26, 28, 21, 53, 0, 0, 0, 0, 0, 49, 35, 8, 9, 256]	[3, 0, 0, 0, 0, 0, 0, 0, 0, 0, 0, 0, 0, 0, 0, 0, 0, 0, 0, 0, 0, 0, 0, 0, 0, 0, 0, 0, 0, 0, 0, 0, 0, 0, 0, 0, 0, 0, 0, 0, 0, 0, 0, 0, 0, 0, 0, 0, 0, 0, 0, 0, 0, 0, 0, 0, 0, 0, 0, 0, 0, 0, 0, 0, 0, 0, 0, 0, 0, 0]	[0, 15, 23, 2, 10, 5, 7, 9, 8, 125, 6, 898, 8, 9, 256, 0, 0, 0, 0, 0, 0, 0, 0, 0, 0, 0, 0, 0, 0, 32, 0, 0, 0, 0, 0, 0, 0, 0, 0, 0, 0, 0, 0, 0, 0, 0, 8, 8, 26, 20, 53, 0, 0, 32, 35, 28, 26, 28, 21, 53, 0, 0, 0, 0, 0, 49, 35, 8, 9, 256]	['.gitignore', '.idea/artifacts/JavaFXApp.xml', '.idea/compiler.xml', '.idea/description.html', '.idea/dictionaries/100628526.xml', '.idea/encodings.xml', '.idea/gradle.xml', '.idea/misc.xml', '.idea/modules.xml', '.idea/uiDesigner.xml', '.idea/vcs.xml', '.idea/workspace.xml', 'out/production/sushiGo/.idea/modules.xml', 'out/production/sushiGo/.idea/src.iml', 'out/production/sushiGo/.idea/workspace.xml', 'out/production/sushiGo/CardImages/Cardback.jpg', 'out/production/sushiGo/CardImages/Chopsticks.jpg', 'out/production/sushiGo/CardImages/Dumpling.jpg', 'out/production/sushiGo/CardImages/Egg_Nigiri.jpg', 'out/production/sushiGo/CardImages/Maki_Roll_1.jpg', 'out/production/sushiGo/CardImages/Maki_Roll_2.jpg', 'out/production/sushiGo/CardImages/Maki_Roll_3.jpg', 'out/production/sushiGo/CardImages/Pudding.jpg', 'out/production/sushiGo/CardImages/Salmon_Nigiri.jpg', 'out/production/sushiGo/CardImages/Sashimi.jpg', 'out/production/sushiGo/CardImages/Squid_Nigiri.jpg', 'out/production/sushiGo/CardImages/Tempura.jpg', 'out/production/sushiGo/CardImages/Wasabi.jpg', 'out/production/sushiGo/Game/table/brick.jpg', 'out/production/sushiGo/Game/table/gameTable.fxml', 'out/production/sushiGo/Game/table/shadow.jpeg', 'out/production/sushiGo/Game/table/velvet.jpg', 'out/production/sushiGo/Game/table/wood.jpg', 'out/production/sushiGo/sample/CardImages/Cardback.jpg', 'out/production/sushiGo/sample/CardImages/Chopsticks.jpg', 'out/production/sushiGo/sample/CardImages/Dumpling.jpg', 'out/production/sushiGo/sample/CardImages/Egg_Nigiri.jpg', 'out/production/sushiGo/sample/CardImages/Maki_Roll_1.jpg', 'out/production/sushiGo/sample/CardImages/Maki_Roll_2.jpg', 'out/production/sushiGo/sample/CardImages/Maki_Roll_3.jpg', 'out/production/sushiGo/sample/CardImages/Pudding.jpg', 'out/production/sushiGo/sample/CardImages/Salmon_Nigiri.jpg', 'out/production/sushiGo/sample/CardImages/Sashimi.jpg', 'out/production/sushiGo/sample/CardImages/Squid_Nigiri.jpg', 'out/production/sushiGo/sample/CardImages/Tempura.jpg', 'out/production/sushiGo/sample/CardImages/Wasabi.jpg', 'out/production/sushiGo/sample/sample.fxml', 'out/production/sushiGo/sample/server/sample.fxml', 'out/production/sushiGo/sample/server/scenes/entryScreen.fxml', 'out/production/sushiGo/sample/server/scenes/hostScreen.fxml', 'out/production/sushiGo/sample/server/scenes/loginScreen.fxml', 'out/production/sushiGo/sample/server/scenes/resources/sushi.png', 'out/production/sushiGo/sample/server/scenes/resources/sushi_go_logo.jpg', 'out/production/sushiGo/sample/server/scenes/serverScreen.fxml', 'out/production/sushiGo/sample/server/scenes/welcomeScreen.fxml', 'out/production/sushiGo/server/scenes/browserScreen.fxml', 'out/production/sushiGo/server/scenes/entryScreen.fxml', 'out/production/sushiGo/server/scenes/hostLobbyScreen.fxml', 'out/production/sushiGo/server/scenes/hostScreen.fxml', 'out/production/sushiGo/server/scenes/loginScreen.fxml', 'out/production/sushiGo/server/scenes/resources/2000px-Red_x.svg.png', 'out/production/sushiGo/server/scenes/resources/lock.png', 'out/production/sushiGo/server/scenes/resources/sushi.png', 'out/production/sushiGo/server/scenes/resources/sushi_go_logo.jpg', 'out/production/sushiGo/server/scenes/resources/transparent-green-checkmark-hi.png', 'out/production/sushiGo/server/scenes/serverScreen.fxml', 'out/production/sushiGo/server/scenes/welcomeScreen.fxml', 'src/.idea/modules.xml', 'src/.idea/src.iml', 'src/.idea/workspace.xml']	master
jon-perry	2018-03-27 03:10:20	['5c58d26bdfee8401474edf7e7b68887c30af13c9']	turn and useChopsticks work in progress. Hand also work in progress (alongside turn)	4885d6485a896324dd3cd87cb7c313d58eccd0b3	[17, 43]	[1, 40]	[16, 3]	['src/Game/Hand.java', 'src/Game/Player.java']	master
jon-perry	2018-03-27 02:36:05	['a466dcc742f188fea26fa3334d2b7421b8415c96']	more cleanup	5c58d26bdfee8401474edf7e7b68887c30af13c9	[8, 9, 256, 0, 0, 0, 0, 0, 0, 0, 0, 0, 0, 0, 0, 0, 0, 32, 0, 0, 0, 0, 0, 0, 0, 0, 0, 0, 0, 0, 0, 0, 0, 0, 8, 8, 26, 20, 53, 0, 0, 32, 35, 28, 26, 28, 21, 53, 0, 0, 0, 0, 0, 49, 35]	[0, 0, 0, 0, 0, 0, 0, 0, 0, 0, 0, 0, 0, 0, 0, 0, 0, 0, 0, 0, 0, 0, 0, 0, 0, 0, 0, 0, 0, 0, 0, 0, 0, 0, 0, 0, 0, 0, 0, 0, 0, 0, 0, 0, 0, 0, 0, 0, 0, 0, 0, 0, 0, 0, 0]	[8, 9, 256, 0, 0, 0, 0, 0, 0, 0, 0, 0, 0, 0, 0, 0, 0, 32, 0, 0, 0, 0, 0, 0, 0, 0, 0, 0, 0, 0, 0, 0, 0, 0, 8, 8, 26, 20, 53, 0, 0, 32, 35, 28, 26, 28, 21, 53, 0, 0, 0, 0, 0, 49, 35]	['out/production/sushiGo/.idea/modules.xml', 'out/production/sushiGo/.idea/src.iml', 'out/production/sushiGo/.idea/workspace.xml', 'out/production/sushiGo/CardImages/Cardback.jpg', 'out/production/sushiGo/CardImages/Chopsticks.jpg', 'out/production/sushiGo/CardImages/Dumpling.jpg', 'out/production/sushiGo/CardImages/Egg_Nigiri.jpg', 'out/production/sushiGo/CardImages/Maki_Roll_1.jpg', 'out/production/sushiGo/CardImages/Maki_Roll_2.jpg', 'out/production/sushiGo/CardImages/Maki_Roll_3.jpg', 'out/production/sushiGo/CardImages/Pudding.jpg', 'out/production/sushiGo/CardImages/Salmon_Nigiri.jpg', 'out/production/sushiGo/CardImages/Sashimi.jpg', 'out/production/sushiGo/CardImages/Squid_Nigiri.jpg', 'out/production/sushiGo/CardImages/Tempura.jpg', 'out/production/sushiGo/CardImages/Wasabi.jpg', 'out/production/sushiGo/Game/table/brick.jpg', 'out/production/sushiGo/Game/table/gameTable.fxml', 'out/production/sushiGo/Game/table/shadow.jpeg', 'out/production/sushiGo/Game/table/velvet.jpg', 'out/production/sushiGo/Game/table/wood.jpg', 'out/production/sushiGo/sample/CardImages/Cardback.jpg', 'out/production/sushiGo/sample/CardImages/Chopsticks.jpg', 'out/production/sushiGo/sample/CardImages/Dumpling.jpg', 'out/production/sushiGo/sample/CardImages/Egg_Nigiri.jpg', 'out/production/sushiGo/sample/CardImages/Maki_Roll_1.jpg', 'out/production/sushiGo/sample/CardImages/Maki_Roll_2.jpg', 'out/production/sushiGo/sample/CardImages/Maki_Roll_3.jpg', 'out/production/sushiGo/sample/CardImages/Pudding.jpg', 'out/production/sushiGo/sample/CardImages/Salmon_Nigiri.jpg', 'out/production/sushiGo/sample/CardImages/Sashimi.jpg', 'out/production/sushiGo/sample/CardImages/Squid_Nigiri.jpg', 'out/production/sushiGo/sample/CardImages/Tempura.jpg', 'out/production/sushiGo/sample/CardImages/Wasabi.jpg', 'out/production/sushiGo/sample/sample.fxml', 'out/production/sushiGo/sample/server/sample.fxml', 'out/production/sushiGo/sample/server/scenes/entryScreen.fxml', 'out/production/sushiGo/sample/server/scenes/hostScreen.fxml', 'out/production/sushiGo/sample/server/scenes/loginScreen.fxml', 'out/production/sushiGo/sample/server/scenes/resources/sushi.png', 'out/production/sushiGo/sample/server/scenes/resources/sushi_go_logo.jpg', 'out/production/sushiGo/sample/server/scenes/serverScreen.fxml', 'out/production/sushiGo/sample/server/scenes/welcomeScreen.fxml', 'out/production/sushiGo/server/scenes/browserScreen.fxml', 'out/production/sushiGo/server/scenes/entryScreen.fxml', 'out/production/sushiGo/server/scenes/hostLobbyScreen.fxml', 'out/production/sushiGo/server/scenes/hostScreen.fxml', 'out/production/sushiGo/server/scenes/loginScreen.fxml', 'out/production/sushiGo/server/scenes/resources/2000px-Red_x.svg.png', 'out/production/sushiGo/server/scenes/resources/lock.png', 'out/production/sushiGo/server/scenes/resources/sushi.png', 'out/production/sushiGo/server/scenes/resources/sushi_go_logo.jpg', 'out/production/sushiGo/server/scenes/resources/transparent-green-checkmark-hi.png', 'out/production/sushiGo/server/scenes/serverScreen.fxml', 'out/production/sushiGo/server/scenes/welcomeScreen.fxml']	master
jon-perry	2018-03-27 02:31:29	['232486876005f9d4267024f257739edc4d7b42fe']	cleaned up directory	a466dcc742f188fea26fa3334d2b7421b8415c96	[15, 23, 2, 9, 5, 7, 9, 8, 125, 6, 912, 8, 9, 256]	[0, 0, 0, 0, 0, 0, 0, 0, 0, 0, 0, 0, 0, 0]	[15, 23, 2, 9, 5, 7, 9, 8, 125, 6, 912, 8, 9, 256]	['.idea/artifacts/JavaFXApp.xml', '.idea/compiler.xml', '.idea/description.html', '.idea/dictionaries/100628526.xml', '.idea/encodings.xml', '.idea/gradle.xml', '.idea/misc.xml', '.idea/modules.xml', '.idea/uiDesigner.xml', '.idea/vcs.xml', '.idea/workspace.xml', 'src/.idea/modules.xml', 'src/.idea/src.iml', 'src/.idea/workspace.xml']	master
jon-perry	2018-03-27 02:23:44	['a5cf5dbde8e043fa97ce657d3f1e5ad06a3d34c4']	Suggested guidelines https://www.gitignore.io/api/intellij	232486876005f9d4267024f257739edc4d7b42fe	[3]	[2]	[1]	['.gitignore']	master
jon-perry	2018-03-27 02:21:41	['15d94feb27063bf58cc61cc680adbe7c20392d3b']	added **/.idea to gitignore	a5cf5dbde8e043fa97ce657d3f1e5ad06a3d34c4	[1]	[1]	[0]	['.gitignore']	master
jon-perry	2018-03-27 02:16:40	['0420f91801c0009a13e4da2cdd430b50fc24325e']	Added .idea to git ignore	15d94feb27063bf58cc61cc680adbe7c20392d3b	[1]	[1]	[0]	['.gitignore']	master
Colin-Shaw2	2018-03-26 23:48:53	['0420f91801c0009a13e4da2cdd430b50fc24325e']	Merge branch 'master' of C:\Users\100628526\Documents\School\W18\Randy\sushiGo with conflicts.	27b1c18516357d29032731a49003ad176ef9eeb8	[1, 478, 131, 1, 225]	[1, 232, 32, 1, 148]	[0, 246, 99, 0, 77]	['.idea/dictionaries/100628526.xml', '.idea/workspace.xml', 'src/Game/GameDriver.java', 'src/Game/Hand.java', 'src/Game/Player.java']	master
BlueKickshaw	2018-03-26 22:15:21	['77aab65e665ba725f7193ae9dbafdc7882864a7d', '3e86b22803a9e8c4d419b2d4160be4ecca8fd1c6']	Merge branch 'master' of http://github.com/bluekickshaw/sushigo	0420f91801c0009a13e4da2cdd430b50fc24325e	[10, 2, 16, 4, 54]	[10, 1, 7, 2, 40]	[0, 1, 9, 2, 14]	['src/Cards/Wasabi.java', 'src/Game/Deck.java', 'src/Game/GameDriver.java', 'src/Game/Hand.java', 'src/Game/Player.java']	master
BlueKickshaw	2018-03-26 22:14:55	['b004d69fc089bd1aae256cca619ffd42ac7833b2']	Sockets are now hashed to usernames; Allows for easy lobbywide message sending	77aab65e665ba725f7193ae9dbafdc7882864a7d	[2, 312, 5, 8, 9, 256, 0, 0, 0, 0, 0, 0, 0, 0, 0, 0, 0, 0, 0, 0, 32, 0, 0, 0, 28, 26, 28, 21, 53, 0, 0, 0, 0, 0, 49, 35, 0, 32, 0, 0, 0, 26, 4, 3, 21, 4]	[1, 199, 5, 8, 9, 256, 0, 0, 0, 0, 0, 0, 0, 0, 0, 0, 0, 0, 0, 0, 32, 0, 0, 0, 28, 26, 28, 21, 53, 0, 0, 0, 0, 0, 49, 35, 0, 32, 0, 0, 0, 26, 4, 2, 12, 4]	[1, 113, 0, 0, 0, 0, 0, 0, 0, 0, 0, 0, 0, 0, 0, 0, 0, 0, 0, 0, 0, 0, 0, 0, 0, 0, 0, 0, 0, 0, 0, 0, 0, 0, 0, 0, 0, 0, 0, 0, 0, 0, 0, 1, 9, 0]	['.idea/misc.xml', '.idea/workspace.xml', 'accounts.csv', 'out/production/sushiGo/.idea/modules.xml', 'out/production/sushiGo/.idea/src.iml', 'out/production/sushiGo/.idea/workspace.xml', 'out/production/sushiGo/CardImages/Cardback.jpg', 'out/production/sushiGo/CardImages/Chopsticks.jpg', 'out/production/sushiGo/CardImages/Dumpling.jpg', 'out/production/sushiGo/CardImages/Egg_Nigiri.jpg', 'out/production/sushiGo/CardImages/Maki_Roll_1.jpg', 'out/production/sushiGo/CardImages/Maki_Roll_2.jpg', 'out/production/sushiGo/CardImages/Maki_Roll_3.jpg', 'out/production/sushiGo/CardImages/Pudding.jpg', 'out/production/sushiGo/CardImages/Salmon_Nigiri.jpg', 'out/production/sushiGo/CardImages/Sashimi.jpg', 'out/production/sushiGo/CardImages/Squid_Nigiri.jpg', 'out/production/sushiGo/CardImages/Tempura.jpg', 'out/production/sushiGo/CardImages/Wasabi.jpg', 'out/production/sushiGo/Game/table/brick.jpg', 'out/production/sushiGo/Game/table/gameTable.fxml', 'out/production/sushiGo/Game/table/shadow.jpeg', 'out/production/sushiGo/Game/table/velvet.jpg', 'out/production/sushiGo/Game/table/wood.jpg', 'out/production/sushiGo/server/scenes/browserScreen.fxml', 'out/production/sushiGo/server/scenes/entryScreen.fxml', 'out/production/sushiGo/server/scenes/hostLobbyScreen.fxml', 'out/production/sushiGo/server/scenes/hostScreen.fxml', 'out/production/sushiGo/server/scenes/loginScreen.fxml', 'out/production/sushiGo/server/scenes/resources/2000px-Red_x.svg.png', 'out/production/sushiGo/server/scenes/resources/lock.png', 'out/production/sushiGo/server/scenes/resources/sushi.png', 'out/production/sushiGo/server/scenes/resources/sushi_go_logo.jpg', 'out/production/sushiGo/server/scenes/resources/transparent-green-checkmark-hi.png', 'out/production/sushiGo/server/scenes/serverScreen.fxml', 'out/production/sushiGo/server/scenes/welcomeScreen.fxml', 'src/Game/table/brick.jpg', 'src/Game/table/gameTable.fxml', 'src/Game/table/shadow.jpeg', 'src/Game/table/velvet.jpg', 'src/Game/table/wood.jpg', 'src/server/Client.java', 'src/server/ClientConnectionManager.java', 'src/server/Network.java', 'src/server/RequestManager.java', 'src/server/Server.java']	master
jon-perry	2018-03-26 21:59:35	['debe80905aa037e38b942d8c6179097ad373c4c0']	added variable to wasabi (isUsed)	3e86b22803a9e8c4d419b2d4160be4ecca8fd1c6	[10]	[10]	[0]	['src/Cards/Wasabi.java']	master
jon-perry	2018-03-26 21:58:58	['2024e429455ec50db725a1dae4325c2c54941e47']	finished calcuating dumpling points at THE end of a round. Also added some player attributes.	debe80905aa037e38b942d8c6179097ad373c4c0	[2, 16, 4, 54]	[1, 7, 2, 40]	[1, 9, 2, 14]	['src/Game/Deck.java', 'src/Game/GameDriver.java', 'src/Game/Hand.java', 'src/Game/Player.java']	master
BlueKickshaw	2018-03-26 20:16:54	['5b3a1738d4031f7727b0b329ebe1314422ea695a', '2024e429455ec50db725a1dae4325c2c54941e47']	Merge branch 'master' of http://github.com/bluekickshaw/sushigo	b004d69fc089bd1aae256cca619ffd42ac7833b2	[8, 9, 256, 31, 14, 17, 14, 22, 21, 21, 14, 14, 16, 14, 14, 17, 63, 117, 56]	[8, 9, 256, 8, 8, 8, 8, 16, 15, 15, 8, 8, 9, 8, 8, 9, 41, 94, 37]	[0, 0, 0, 23, 6, 9, 6, 6, 6, 6, 6, 6, 7, 6, 6, 8, 22, 23, 19]	['src/.idea/modules.xml', 'src/.idea/src.iml', 'src/.idea/workspace.xml', 'src/Cards/Card.java', 'src/Cards/Chopsticks.java', 'src/Cards/Dumpling.java', 'src/Cards/EggNigiri.java', 'src/Cards/MakiRoll1.java', 'src/Cards/MakiRoll2.java', 'src/Cards/MakiRoll3.java', 'src/Cards/Pudding.java', 'src/Cards/SalmonNigiri.java', 'src/Cards/Sashimi.java', 'src/Cards/SquidNigiri.java', 'src/Cards/Tempura.java', 'src/Cards/Wasabi.java', 'src/Game/Deck.java', 'src/Game/GameDriver.java', 'src/Game/Player.java']	master
jon-perry	2018-03-26 03:38:31	['1ed7e7b94e05b55a5dd798b309abc1035f954747']	found bug and SQUASHED it / fixed 2nd player in 2 player game not getting 3 points for makiRolls	2024e429455ec50db725a1dae4325c2c54941e47	[1]	[1]	[0]	['src/Game/GameDriver.java']	master
jon-perry	2018-03-26 03:34:54	['e2d739ba5e8afa5340e89f8602ad108f0f303ab4']	Created and testedcalculateMakiRolls | also added some setters and getters for variables in Player	1ed7e7b94e05b55a5dd798b309abc1035f954747	[8, 116, 56]	[4, 93, 37]	[4, 23, 19]	['src/Game/Deck.java', 'src/Game/GameDriver.java', 'src/Game/Player.java']	master
jon-perry	2018-03-26 03:34:06	['72381c2936ae0e0f1b2cbb6b9fe41e2b05ad6c52']	updated some formatting	e2d739ba5e8afa5340e89f8602ad108f0f303ab4	[6, 4, 4, 4, 4, 4, 4, 4, 4, 4, 4, 4, 4]	[3, 2, 2, 2, 2, 2, 2, 2, 2, 2, 2, 2, 2]	[3, 2, 2, 2, 2, 2, 2, 2, 2, 2, 2, 2, 2]	['src/Cards/Card.java', 'src/Cards/Chopsticks.java', 'src/Cards/Dumpling.java', 'src/Cards/EggNigiri.java', 'src/Cards/MakiRoll1.java', 'src/Cards/MakiRoll2.java', 'src/Cards/MakiRoll3.java', 'src/Cards/Pudding.java', 'src/Cards/SalmonNigiri.java', 'src/Cards/Sashimi.java', 'src/Cards/SquidNigiri.java', 'src/Cards/Tempura.java', 'src/Cards/Wasabi.java']	master
jon-perry	2018-03-25 19:36:03	['d51137ef09e549a608ced7ebf065ffa57a985089']	cards updated and deck finished	72381c2936ae0e0f1b2cbb6b9fe41e2b05ad6c52	[2]	[1]	[1]	['src/Game/Deck.java']	master
jon-perry	2018-03-25 19:35:16	['6712b0dad202d8a53955ce998042f7ea9abc4fd0']	cards updated and deck finished	d51137ef09e549a608ced7ebf065ffa57a985089	[5]	[2]	[3]	['src/Game/Deck.java']	master
jon-perry	2018-03-25 19:32:32	['ba95be1b75e950301c52cbe8cbd613023fdefa30']	cards updated and deck finished	6712b0dad202d8a53955ce998042f7ea9abc4fd0	[8, 9, 256, 31, 12, 15, 12, 22, 21, 21, 12, 12, 14, 12, 12, 15, 56]	[8, 9, 256, 8, 7, 7, 7, 16, 15, 15, 7, 7, 8, 7, 7, 8, 38]	[0, 0, 0, 23, 5, 8, 5, 6, 6, 6, 5, 5, 6, 5, 5, 7, 18]	['src/.idea/modules.xml', 'src/.idea/src.iml', 'src/.idea/workspace.xml', 'src/Cards/Card.java', 'src/Cards/Chopsticks.java', 'src/Cards/Dumpling.java', 'src/Cards/EggNigiri.java', 'src/Cards/MakiRoll1.java', 'src/Cards/MakiRoll2.java', 'src/Cards/MakiRoll3.java', 'src/Cards/Pudding.java', 'src/Cards/SalmonNigiri.java', 'src/Cards/Sashimi.java', 'src/Cards/SquidNigiri.java', 'src/Cards/Tempura.java', 'src/Cards/Wasabi.java', 'src/Game/Deck.java']	master
BlueKickshaw	2018-03-25 15:14:19	['d5b9fbcdf4d141df4028ad95c6a4dba405cd18bb', 'ba95be1b75e950301c52cbe8cbd613023fdefa30']	Merge branch 'master' of http://github.com/bluekickshaw/sushigo	5b3a1738d4031f7727b0b329ebe1314422ea695a	[5, 267, 51]	[1, 186, 41]	[4, 81, 10]	['.idea/misc.xml', '.idea/workspace.xml', 'src/Game/GameDriver.java']	master
BlueKickshaw	2018-03-25 15:13:27	['04ef2afef92d6efc4c4734e06d206e3acd6ab9d2']	some navigability now present for menus	d5b9fbcdf4d141df4028ad95c6a4dba405cd18bb	[4, 28, 2, 4, 5, 61, 8, 2, 1]	[0, 26, 2, 0, 4, 48, 0, 1, 1]	[4, 2, 0, 4, 1, 13, 8, 1, 0]	['src/server/Controller.java', 'src/server/FXMLController.java', 'src/server/Lobby.java', 'src/server/LobbyManager.java', 'src/server/Network.java', 'src/server/RequestManager.java', 'src/server/sample.fxml', 'src/server/scenes/browserScreen.fxml', 'src/server/scenes/hostScreen.fxml']	master
Colin-Shaw2	2018-03-22 15:52:57	['04ef2afef92d6efc4c4734e06d206e3acd6ab9d2']	finished calculatedPuddingPoints() method;	ba95be1b75e950301c52cbe8cbd613023fdefa30	[5, 267, 51]	[1, 186, 41]	[4, 81, 10]	['.idea/misc.xml', '.idea/workspace.xml', 'src/Game/GameDriver.java']	master
BlueKickshaw	2018-03-21 19:22:27	['439adfc84c367a55c0626b3c2c03ff3e6696152b']	Lobby lists now works for server and clients; password functionality for lobbies works. TODO: update player count for lobbies, and remove 'full' lobbies from lobby lists	04ef2afef92d6efc4c4734e06d206e3acd6ab9d2	[134, 9, 4, 2, 53, 4, 25, 25]	[96, 8, 4, 1, 42, 2, 9, 12]	[38, 1, 0, 1, 11, 2, 16, 13]	['src/server/FXMLController.java', 'src/server/Lobby.java', 'src/server/LobbyManager.java', 'src/server/Network.java', 'src/server/RequestManager.java', 'src/server/scenes/browserScreen.fxml', 'src/server/scenes/hostLobbyScreen.fxml', 'src/server/scenes/serverScreen.fxml']	master
BlueKickshaw	2018-03-21 16:44:10	['266e64b1c2bbb279fce132828ebbc584acb876eb']	server list update progress	439adfc84c367a55c0626b3c2c03ff3e6696152b	[2, 9, 2, 43, 2, 2, 2, 7, 16, 2, 2, 2, 2, 2, 2, 2, 10, 2]	[1, 6, 1, 33, 1, 1, 1, 6, 11, 1, 1, 1, 1, 1, 1, 1, 5, 1]	[1, 3, 1, 10, 1, 1, 1, 1, 5, 1, 1, 1, 1, 1, 1, 1, 5, 1]	['src/server/AccountLists.java', 'src/server/ClientConnectionManager.java', 'src/server/Controller.java', 'src/server/FXMLController.java', 'src/server/Lobby.java', 'src/server/LobbyManager.java', 'src/server/Main.java', 'src/server/Network.java', 'src/server/RequestManager.java', 'src/server/Server.java', 'src/server/sample.fxml', 'src/server/scenes/browserScreen.fxml', 'src/server/scenes/entryScreen.fxml', 'src/server/scenes/hostLobbyScreen.fxml', 'src/server/scenes/hostScreen.fxml', 'src/server/scenes/loginScreen.fxml', 'src/server/scenes/serverScreen.fxml', 'src/server/scenes/welcomeScreen.fxml']	master
BlueKickshaw	2018-03-16 01:44:08	['d18b3e26d0f1474e1f251666ab94e0e03f0058cc']	server screens now use javafx scene builder	266e64b1c2bbb279fce132828ebbc584acb876eb	[2, 9, 2, 48, 38, 2, 7, 108, 2, 57, 2, 2, 28, 2, 35, 8, 2, 0, 0, 0, 24, 6]	[1, 7, 1, 43, 0, 1, 6, 6, 1, 41, 1, 1, 28, 1, 35, 4, 1, 0, 0, 0, 21, 3]	[1, 2, 1, 5, 38, 1, 1, 102, 1, 16, 1, 1, 0, 1, 0, 4, 1, 0, 0, 0, 3, 3]	['src/server/AccountLists.java', 'src/server/ClientConnectionManager.java', 'src/server/Controller.java', 'src/server/FXMLController.java', 'src/server/GUI.java', 'src/server/Lobby.java', 'src/server/LobbyManager.java', 'src/server/Main.java', 'src/server/Network.java', 'src/server/RequestManager.java', 'src/server/Server.java', 'src/server/sample.fxml', 'src/server/scenes/browserScreen.fxml', 'src/server/scenes/entryScreen.fxml', 'src/server/scenes/hostLobbyScreen.fxml', 'src/server/scenes/hostScreen.fxml', 'src/server/scenes/loginScreen.fxml', 'src/server/scenes/resources/2000px-Red_x.svg.png', 'src/server/scenes/resources/lock.png', 'src/server/scenes/resources/transparent-green-checkmark-hi.png', 'src/server/scenes/serverScreen.fxml', 'src/server/scenes/welcomeScreen.fxml']	master
jon-perry	2018-03-15 00:27:57	['0c337edb19fec0b7a0d3888740ac90483937ac28']	deck creation currently working with some code commented out in: Card, Dumpling, and Deck	d18b3e26d0f1474e1f251666ab94e0e03f0058cc	[33, 7, 29]	[18, 5, 19]	[15, 2, 10]	['src/Cards/Card.java', 'src/Cards/Dumpling.java', 'src/Game/Deck.java']	master
jon-perry	2018-03-14 23:13:03	['20c86ddb3cd9a91da4b79d24a16f992ffd2a990b']	deck class created but running into nullpointer exception errors	0c337edb19fec0b7a0d3888740ac90483937ac28	[23, 7, 2]	[22, 5, 1]	[1, 2, 1]	['src/Game/Deck.java', 'src/Game/GameDriver.java', 'src/Game/Player.java']	master
jon-perry	2018-03-14 23:12:12	['9914dd05e831abd4721a75623b660d7451fb13d4']	split cards into separate classes	20c86ddb3cd9a91da4b79d24a16f992ffd2a990b	[103, 13, 13, 13, 11, 11, 11, 13, 13, 13, 13, 13, 14]	[2, 13, 13, 13, 11, 11, 11, 13, 13, 13, 13, 13, 14]	[101, 0, 0, 0, 0, 0, 0, 0, 0, 0, 0, 0, 0]	['src/Cards/Card.java', 'src/Cards/Chopsticks.java', 'src/Cards/Dumpling.java', 'src/Cards/EggNigiri.java', 'src/Cards/MakiRoll1.java', 'src/Cards/MakiRoll2.java', 'src/Cards/MakiRoll3.java', 'src/Cards/Pudding.java', 'src/Cards/SalmonNigiri.java', 'src/Cards/Sashimi.java', 'src/Cards/SquidNigiri.java', 'src/Cards/Tempura.java', 'src/Cards/Wasabi.java']	master
Colin-Shaw2	2018-03-14 19:24:36	['3dc4245eafbef08d6f997d485ca888a8b0450959']	added a comment	9914dd05e831abd4721a75623b660d7451fb13d4	[2]	[1]	[1]	['src/Cards/Card.java']	master
Colin-Shaw2	2018-03-14 19:23:20	['8004f83497dce037caf6739efe15462df19a04ca']	Extended funtionality to calculate points	3dc4245eafbef08d6f997d485ca888a8b0450959	[45]	[31]	[14]	['src/Game/GameDriver.java']	master
Colin-Shaw2	2018-03-14 19:19:27	['e42436c4631f04cf13aaa12c02628abe1d6bf64d']	Added constructor that takes in handSize	8004f83497dce037caf6739efe15462df19a04ca	[5]	[5]	[0]	['src/Game/Hand.java']	master
Colin-Shaw2	2018-03-14 19:17:47	['9c90c3f38f7b3f212242e1feb6bd677f03166185']	Made player class and implemented constructor	e42436c4631f04cf13aaa12c02628abe1d6bf64d	[9, 75]	[9, 75]	[0, 0]	['.idea/dictionaries/100628526.xml', 'src/Game/Player.java']	master
Colin-Shaw2	2018-03-14 18:12:03	['1bf80f60a1365e9a2bd36c3baceeb486982fa70b']	Started writing Hand and GameDriver code	9c90c3f38f7b3f212242e1feb6bd677f03166185	[8, 43, 44]	[4, 43, 44]	[4, 0, 0]	['src/Cards/Card.java', 'src/Game/GameDriver.java', 'src/Game/Hand.java']	master
Colin-Shaw2	2018-03-14 16:53:37	['9f3f06d5e3ddef4500d4f696ef9a64b8d056fe66', 'c93847c3511d08a3a41e14d0219bb27e65dd8857']	Merge branch 'master' of https://github.com/BlueKickshaw/sushiGo	1bf80f60a1365e9a2bd36c3baceeb486982fa70b	[15]	[15]	[0]	['src/Game/Deck.java']	master
Colin-Shaw2	2018-03-14 16:53:28	['8db0a0925f822943ad21a3a59286ce31d0efe49e']	Fixed path names and fixed maki roll constructor	9f3f06d5e3ddef4500d4f696ef9a64b8d056fe66	[50]	[39]	[11]	['src/Cards/Card.java']	master
jon-perry	2018-03-14 16:45:31	['9e03b331f66e7684eb8396cccb19919bfc245f29']	game folder and deck class added	c93847c3511d08a3a41e14d0219bb27e65dd8857	[15]	[15]	[0]	['src/Game/Deck.java']	master
Colin-Shaw2	2018-03-14 16:35:11	['9e03b331f66e7684eb8396cccb19919bfc245f29']	added working constructors to card classes	8db0a0925f822943ad21a3a59286ce31d0efe49e	[52]	[26]	[26]	['src/Cards/Card.java']	master
jon-perry	2018-03-14 16:06:59	['1a21308ae9bd7d0928c853579506b4b241016df7']	restructured project/removed sample	9e03b331f66e7684eb8396cccb19919bfc245f29	[603, 1, 0, 0, 0, 0, 0, 0, 0, 0, 0, 0, 0, 0, 0, 0, 0, 0, 0, 0, 0, 0, 0, 0, 0, 0, 0, 0, 0, 0, 0, 0, 0, 0, 0, 2, 8, 2, 2, 2, 2, 2, 2, 2, 2, 2, 2, 2, 2, 26, 20, 53, 0, 0, 32, 35]	[241, 1, 0, 0, 0, 0, 0, 0, 0, 0, 0, 0, 0, 0, 0, 0, 0, 0, 0, 0, 0, 0, 0, 0, 0, 0, 0, 0, 0, 0, 0, 0, 0, 0, 0, 1, 0, 1, 1, 1, 1, 1, 1, 1, 1, 1, 1, 1, 1, 26, 20, 53, 0, 0, 32, 35]	[362, 0, 0, 0, 0, 0, 0, 0, 0, 0, 0, 0, 0, 0, 0, 0, 0, 0, 0, 0, 0, 0, 0, 0, 0, 0, 0, 0, 0, 0, 0, 0, 0, 0, 0, 1, 8, 1, 1, 1, 1, 1, 1, 1, 1, 1, 1, 1, 1, 0, 0, 0, 0, 0, 0, 0]	['.idea/workspace.xml', 'accounts.csv', 'out/production/sushiGo/sample/CardImages/Cardback.jpg', 'out/production/sushiGo/sample/CardImages/Chopsticks.jpg', 'out/production/sushiGo/sample/CardImages/Dumpling.jpg', 'out/production/sushiGo/sample/CardImages/Egg_Nigiri.jpg', 'out/production/sushiGo/sample/CardImages/Maki_Roll_1.jpg', 'out/production/sushiGo/sample/CardImages/Maki_Roll_2.jpg', 'out/production/sushiGo/sample/CardImages/Maki_Roll_3.jpg', 'out/production/sushiGo/sample/CardImages/Pudding.jpg', 'out/production/sushiGo/sample/CardImages/Salmon_Nigiri.jpg', 'out/production/sushiGo/sample/CardImages/Sashimi.jpg', 'out/production/sushiGo/sample/CardImages/Squid_Nigiri.jpg', 'out/production/sushiGo/sample/CardImages/Tempura.jpg', 'out/production/sushiGo/sample/CardImages/Wasabi.jpg', 'out/production/sushiGo/sample/server/scenes/entryScreen.fxml', 'out/production/sushiGo/sample/server/scenes/hostScreen.fxml', 'out/production/sushiGo/sample/server/scenes/loginScreen.fxml', 'out/production/sushiGo/sample/server/scenes/resources/sushi.png', 'out/production/sushiGo/sample/server/scenes/resources/sushi_go_logo.jpg', 'out/production/sushiGo/sample/server/scenes/serverScreen.fxml', 'out/production/sushiGo/sample/server/scenes/welcomeScreen.fxml', 'src/CardImages/Cardback.jpg', 'src/CardImages/Chopsticks.jpg', 'src/CardImages/Dumpling.jpg', 'src/CardImages/Egg_Nigiri.jpg', 'src/CardImages/Maki_Roll_1.jpg', 'src/CardImages/Maki_Roll_2.jpg', 'src/CardImages/Maki_Roll_3.jpg', 'src/CardImages/Pudding.jpg', 'src/CardImages/Salmon_Nigiri.jpg', 'src/CardImages/Sashimi.jpg', 'src/CardImages/Squid_Nigiri.jpg', 'src/CardImages/Tempura.jpg', 'src/CardImages/Wasabi.jpg', 'src/Cards/Card.java', 'src/sample/server/sample.fxml', 'src/server/AccountLists.java', 'src/server/ClientConnectionManager.java', 'src/server/Controller.java', 'src/server/FXMLController.java', 'src/server/GUI.java', 'src/server/Lobby.java', 'src/server/LobbyManager.java', 'src/server/Main.java', 'src/server/Network.java', 'src/server/RequestManager.java', 'src/server/Server.java', 'src/server/sample.fxml', 'src/server/scenes/entryScreen.fxml', 'src/server/scenes/hostScreen.fxml', 'src/server/scenes/loginScreen.fxml', 'src/server/scenes/resources/sushi.png', 'src/server/scenes/resources/sushi_go_logo.jpg', 'src/server/scenes/serverScreen.fxml', 'src/server/scenes/welcomeScreen.fxml']	master
Colin-Shaw2	2018-03-14 15:52:04	['f5b3273b2ecb9b56be4f3bb5554b71d43883b2aa']	Added all card classes	1a21308ae9bd7d0928c853579506b4b241016df7	[104]	[104]	[0]	['src/sample/Cards/Card.java']	master
BlueKickshaw	2018-03-14 12:49:39	['42583fbb4dbcc22d559ad36127010abcab78c42b', 'c471e961d6868bd735669fa8c1d0ba4a4ee9bf90']	Merge branch 'master' of http://github.com/bluekickshaw/sushigo	f5b3273b2ecb9b56be4f3bb5554b71d43883b2aa	[0]	[0]	[0]	['SushiGoTM-RULES.pdf']	master
BlueKickshaw	2018-03-14 12:47:54	['1e25dd5d530eed5e038ca929dd744d380c6b7227']	Changed the scenes to use more palatable colours, welcomeScreen functionality added	42583fbb4dbcc22d559ad36127010abcab78c42b	[16, 2, 11, 2, 6, 12, 10, 6]	[14, 1, 11, 1, 3, 6, 5, 3]	[2, 1, 0, 1, 3, 6, 5, 3]	['src/sample/server/FXMLController.java', 'src/sample/server/Network.java', 'src/sample/server/RequestManager.java', 'src/sample/server/scenes/entryScreen.fxml', 'src/sample/server/scenes/hostScreen.fxml', 'src/sample/server/scenes/loginScreen.fxml', 'src/sample/server/scenes/serverScreen.fxml', 'src/sample/server/scenes/welcomeScreen.fxml']	master
jon-perry	2018-03-14 12:46:07	['1e25dd5d530eed5e038ca929dd744d380c6b7227']	rules uploaded	c471e961d6868bd735669fa8c1d0ba4a4ee9bf90	[0]	[0]	[0]	['SushiGoTM-RULES.pdf']	master
BlueKickshaw	2018-03-14 04:06:02	['97bc94d7edbbbcb709f4c3cb395292f847a71449']	FXML support, username/password validation with data stored server-side; ##TODO: Implement the functionality to send to the welcome screen	1e25dd5d530eed5e038ca929dd744d380c6b7227	[73, 1, 93, 26, 3, 60, 4, 26, 20, 53, 0, 0, 32, 35]	[73, 1, 93, 17, 3, 58, 4, 26, 20, 53, 0, 0, 32, 35]	[0, 0, 0, 9, 0, 2, 0, 0, 0, 0, 0, 0, 0, 0]	['src/sample/server/AccountLists.java', 'src/sample/server/ClientConnectionManager.java', 'src/sample/server/FXMLController.java', 'src/sample/server/Main.java', 'src/sample/server/Network.java', 'src/sample/server/RequestManager.java', 'src/sample/server/Server.java', 'src/sample/server/scenes/entryScreen.fxml', 'src/sample/server/scenes/hostScreen.fxml', 'src/sample/server/scenes/loginScreen.fxml', 'src/sample/server/scenes/resources/sushi.png', 'src/sample/server/scenes/resources/sushi_go_logo.jpg', 'src/sample/server/scenes/serverScreen.fxml', 'src/sample/server/scenes/welcomeScreen.fxml']	master
jon-perry	2018-03-13 23:38:52	['d864ec722d1643086cf481ce22d6165859651f3f']	scanned and uploaded card images	97bc94d7edbbbcb709f4c3cb395292f847a71449	[0, 0, 0, 0, 0, 0, 0, 0, 0, 0, 0, 0, 0]	[0, 0, 0, 0, 0, 0, 0, 0, 0, 0, 0, 0, 0]	[0, 0, 0, 0, 0, 0, 0, 0, 0, 0, 0, 0, 0]	['src/sample/CardImages/Cardback.jpg', 'src/sample/CardImages/Chopsticks.jpg', 'src/sample/CardImages/Dumpling.jpg', 'src/sample/CardImages/Egg_Nigiri.jpg', 'src/sample/CardImages/Maki_Roll_1.jpg', 'src/sample/CardImages/Maki_Roll_2.jpg', 'src/sample/CardImages/Maki_Roll_3.jpg', 'src/sample/CardImages/Pudding.jpg', 'src/sample/CardImages/Salmon_Nigiri.jpg', 'src/sample/CardImages/Sashimi.jpg', 'src/sample/CardImages/Squid_Nigiri.jpg', 'src/sample/CardImages/Tempura.jpg', 'src/sample/CardImages/Wasabi.jpg']	master
BlueKickshaw	2018-03-13 14:10:52	['9cd7208a548b1c6b57661c575bac7a93af197c5f']	lobbyViewer now displays lobby information; join functionality supported	d864ec722d1643086cf481ce22d6165859651f3f	[13, 38, 18, 11, 65, 97, 45, 12]	[9, 38, 18, 11, 58, 85, 42, 5]	[4, 0, 0, 0, 7, 12, 3, 7]	['src/sample/server/ClientConnectionManager.java', 'src/sample/server/GUI.java', 'src/sample/server/Lobby.java', 'src/sample/server/LobbyManager.java', 'src/sample/server/Main.java', 'src/sample/server/Network.java', 'src/sample/server/RequestManager.java', 'src/sample/server/Server.java']	master
BlueKickshaw	2018-03-12 20:24:07	['c11711c74fe2775a8dbc8b34059c47844f7d3375']	removing	9cd7208a548b1c6b57661c575bac7a93af197c5f	[71, 4, 14, 12, 7, 7, 8, 7, 7, 8, 7, 7, 9, 7, 10, 9, 70, 67, 15, 25]	[0, 0, 0, 0, 0, 0, 0, 0, 0, 0, 0, 0, 0, 0, 0, 0, 0, 0, 0, 0]	[71, 4, 14, 12, 7, 7, 8, 7, 7, 8, 7, 7, 9, 7, 10, 9, 70, 67, 15, 25]	['src/sample/ClientConnectionManager.java', 'src/sample/Controller.java', 'src/sample/Game.java', 'src/sample/GameResources/Cards/Card.java', 'src/sample/GameResources/Cards/ChopSticks.java', 'src/sample/GameResources/Cards/Dumpling.java', 'src/sample/GameResources/Cards/EggNigiri.java', 'src/sample/GameResources/Cards/MakiRoll.java', 'src/sample/GameResources/Cards/Pudding.java', 'src/sample/GameResources/Cards/SalmonNigiri.java', 'src/sample/GameResources/Cards/Sashimi.java', 'src/sample/GameResources/Cards/SquidNigiri.java', 'src/sample/GameResources/Cards/Tempura.java', 'src/sample/GameResources/Cards/Wasabi.java', 'src/sample/GameResources/Player.java', 'src/sample/LobbyManager.java', 'src/sample/Main.java', 'src/sample/Network.java', 'src/sample/RequestManager.java', 'src/sample/Server.java']	master
BlueKickshaw	2018-03-12 20:14:49	[]	initial commit	c11711c74fe2775a8dbc8b34059c47844f7d3375	[1, 15, 23, 2, 5, 7, 12, 8, 125, 6, 842, 8, 8, 71, 4, 14, 12, 7, 7, 8, 7, 7, 8, 7, 7, 9, 7, 10, 9, 70, 67, 15, 25, 8, 69, 4, 9, 70, 67, 15, 25, 8, 12]	[1, 15, 23, 2, 5, 7, 12, 8, 125, 6, 842, 8, 8, 71, 4, 14, 12, 7, 7, 8, 7, 7, 8, 7, 7, 9, 7, 10, 9, 70, 67, 15, 25, 8, 69, 4, 9, 70, 67, 15, 25, 8, 12]	[0, 0, 0, 0, 0, 0, 0, 0, 0, 0, 0, 0, 0, 0, 0, 0, 0, 0, 0, 0, 0, 0, 0, 0, 0, 0, 0, 0, 0, 0, 0, 0, 0, 0, 0, 0, 0, 0, 0, 0, 0, 0, 0]	['.gitignore', '.idea/artifacts/JavaFXApp.xml', '.idea/compiler.xml', '.idea/description.html', '.idea/encodings.xml', '.idea/gradle.xml', '.idea/misc.xml', '.idea/modules.xml', '.idea/uiDesigner.xml', '.idea/vcs.xml', '.idea/workspace.xml', 'out/production/sushiGo/sample/sample.fxml', 'out/production/sushiGo/sample/server/sample.fxml', 'src/sample/ClientConnectionManager.java', 'src/sample/Controller.java', 'src/sample/Game.java', 'src/sample/GameResources/Cards/Card.java', 'src/sample/GameResources/Cards/ChopSticks.java', 'src/sample/GameResources/Cards/Dumpling.java', 'src/sample/GameResources/Cards/EggNigiri.java', 'src/sample/GameResources/Cards/MakiRoll.java', 'src/sample/GameResources/Cards/Pudding.java', 'src/sample/GameResources/Cards/SalmonNigiri.java', 'src/sample/GameResources/Cards/Sashimi.java', 'src/sample/GameResources/Cards/SquidNigiri.java', 'src/sample/GameResources/Cards/Tempura.java', 'src/sample/GameResources/Cards/Wasabi.java', 'src/sample/GameResources/Player.java', 'src/sample/LobbyManager.java', 'src/sample/Main.java', 'src/sample/Network.java', 'src/sample/RequestManager.java', 'src/sample/Server.java', 'src/sample/sample.fxml', 'src/sample/server/ClientConnectionManager.java', 'src/sample/server/Controller.java', 'src/sample/server/LobbyManager.java', 'src/sample/server/Main.java', 'src/sample/server/Network.java', 'src/sample/server/RequestManager.java', 'src/sample/server/Server.java', 'src/sample/server/sample.fxml', 'sushiGo.iml']	master
